Pos,Age,Tm,G,GS,MP,FG,FGA,FG%,3P,3PA,3P%,2P,2PA,2P%,eFG%,FT,FTA,FT%,ORB,DRB,TRB,AST,STL,BLK,TOV,PF,PTS
PF,34,SAS,26,0,22,4.2,9.9,0.419,1.6,4.3,0.366,2.6,5.6,0.459,0.498,1.3,1.7,0.767,0.9,4.3,5.2,1.5,0.7,0.5,1.2,1.8,11.2
PG,31,DAL,80,31,27.4,3.5,8.5,0.406,0.8,2.7,0.282,2.7,5.9,0.463,0.45,1.9,2.2,0.847,0.5,2.8,3.2,3.6,0.9,0.2,1.5,1.8,9.5
C,25,MIL,57,1,16.8,2.9,5.1,0.564,0,0,0,2.9,5.1,0.566,0.564,1.2,2.1,0.59,1.5,2.4,3.9,0.9,0.3,1.9,1.1,2.3,7
PG,24,TOT,41,6,11.6,1.3,3.6,0.377,0.4,1,0.357,1,2.5,0.385,0.428,0.3,0.4,0.8,0.2,1,1.1,1.5,0.3,0.2,0.6,0.7,3.3
PF,25,SAS,14,2,11.8,1.3,2.6,0.5,0.3,1.1,0.267,1,1.5,0.667,0.556,0.6,1.1,0.6,0.5,2.6,3.1,0.5,0,0,0,0.4,3.5
SF,25,PHI,67,49,28.4,4.1,10.6,0.385,2.5,7.2,0.353,1.6,3.4,0.452,0.504,2.1,2.6,0.791,1,5.3,6.3,1.4,1.6,0.6,2.1,3.5,12.8
SF,25,UTA,70,2,12.2,1,2.8,0.371,0.4,1.4,0.273,0.6,1.4,0.474,0.441,0.5,0.6,0.81,0.4,1.5,1.9,0.6,0.5,0.3,0.6,1.4,2.9
PG,24,DAL,24,6,24.1,4.3,8.3,0.515,1.1,2.8,0.382,3.2,5.5,0.583,0.58,2,2.3,0.889,0.2,3,3.2,3.6,0.4,0,1.2,1.5,11.7
SG,26,TOR,14,0,6,0.8,2,0.393,0.6,1.5,0.429,0.1,0.5,0.286,0.554,0.3,0.3,1,0.1,0.6,0.6,0.4,0.1,0,0.3,0.4,2.5
C,33,MIA,52,36,14.7,2.4,4.3,0.566,0,0,0,2.4,4.3,0.566,0.566,1,1.3,0.746,1.3,3,4.3,0.5,0.3,0.8,0.9,1.8,5.8
SG,27,WAS,24,24,35.3,11.4,24,0.473,2.5,7.4,0.337,8.9,16.6,0.534,0.525,7.5,8.4,0.896,1.4,3.8,5.2,4.7,1.3,0.5,3.1,2.5,32.8
PG,21,BOS,61,10,27.3,3,8.7,0.348,1,4,0.253,2,4.7,0.427,0.405,2.1,2.7,0.777,1.2,2.9,4.2,3,1.5,0.3,1.3,3,9.1
SG,23,LAC,67,7,21.9,3.4,7.7,0.438,0.9,2.8,0.335,2.4,4.9,0.495,0.498,1.2,1.7,0.681,0.3,1.6,1.9,1.5,0.7,0.1,0.9,2,8.9
C,29,CLE,76,48,17.4,2.7,4.7,0.565,0,0.1,0.143,2.7,4.6,0.574,0.567,0.9,1.3,0.716,1.4,3,4.4,0.4,0.3,0.8,0.9,2.1,6.3
PF,23,HOU,2,0,9.5,1,2,0.5,0,0.5,0,1,1.5,0.667,0.5,0,1,0,1,1,2,0,0,1,1.5,1.5,2
SG,27,NOP,45,44,32.9,5.1,12.3,0.418,2.5,6.5,0.384,2.6,5.7,0.457,0.521,2.5,2.8,0.888,0.2,2,2.2,2.7,1,0.3,1.6,2.2,15.2
PG,26,PHO,16,0,17.2,2.6,5.6,0.461,0.9,2.4,0.395,1.6,3.2,0.51,0.545,0.6,0.6,1,0.1,1.8,1.9,3.6,0.6,0.2,1.2,2.1,6.6
C,28,DAL,34,2,10.9,2.3,3.9,0.575,0,0,0,2.3,3.9,0.579,0.575,0.5,1.1,0.5,1.6,2.4,3.9,0.1,0.1,0.8,0.6,1.4,5.1
SF,36,SAS,46,0,9.4,1.1,2.3,0.471,0.3,1.1,0.306,0.7,1.2,0.618,0.543,0.2,0.3,0.688,0.1,1.2,1.2,0.5,0.3,0.5,0.2,0.2,2.7
PG,26,GSW,28,1,10.8,1.4,3,0.476,1.1,2.6,0.444,0.3,0.4,0.667,0.667,0.3,0.4,0.636,0,0.9,0.9,0.4,0.2,0.2,0.2,1,4.3
PF,23,UTA,12,0,5.3,0.5,1.1,0.462,0.3,0.8,0.333,0.3,0.3,0.75,0.577,0,0.3,0,0.3,0.8,1.1,0.3,0.3,0,0.2,0.9,1.3
SF,25,BOS,73,73,31.6,4.9,11.1,0.443,1.7,5,0.336,3.3,6.2,0.529,0.518,2.7,3.3,0.82,1,4.2,5.1,1.8,1.7,0.5,1.1,2.7,14.2
PG,21,DAL,27,27,35.3,10,21.1,0.475,2.4,7.2,0.335,7.6,14,0.546,0.532,6.6,8.3,0.795,0.9,7.7,8.6,9.4,1,0.7,4.2,2.2,29.1
PF,35,SAS,78,19,18,3.1,5.7,0.545,0,0.1,0.429,3.1,5.7,0.546,0.548,0.8,1,0.788,0.9,3,4,1.8,0.6,0.7,0.9,1.8,7.1
PG,25,CHO,25,25,32.8,4.4,12.4,0.352,2.8,8.1,0.347,1.6,4.3,0.361,0.465,2.2,2.8,0.775,0.6,2.4,3,5.7,1,0,1.4,1.5,13.7
C,23,TOR,82,22,22,1.9,3.5,0.542,0,0,0,1.9,3.5,0.544,0.542,1.7,2.8,0.628,2.2,5.8,8,0.4,0.2,1.6,0.9,2.7,5.5
C,23,WAS,14,3,13.6,2.3,3.9,0.593,0.4,1.3,0.333,1.9,2.6,0.722,0.648,1.1,1.8,0.64,0.4,2.6,3.1,0.9,0.6,0.3,0.6,2.6,6.1
SF,30,CHO,26,26,35.5,8.1,16.6,0.486,2.2,5.2,0.422,5.9,11.4,0.515,0.552,3.9,4.5,0.864,0.9,4.5,5.5,3.8,1.1,0.4,2.1,1.9,22.3
C,26,WAS,3,1,16.7,1.7,5,0.333,0,0.7,0,1.7,4.3,0.385,0.333,0,0,0,1.7,3.7,5.3,1.7,0.3,1,1,1.3,3.3
SG,24,PHO,52,50,36,7.1,17.2,0.415,2.3,6.8,0.342,4.8,10.5,0.461,0.482,3,3.5,0.852,0.7,3.2,3.9,5.1,1.2,0.4,3.4,2.4,19.6
SF,27,CHO,70,70,35,5.3,12.5,0.426,2,5.7,0.348,3.3,6.8,0.492,0.506,2.3,2.7,0.849,0.8,5.3,6.1,5.8,0.9,0.6,2.9,1.6,14.9
SG,34,ATL,80,80,30,3.4,7.7,0.435,2,5,0.398,1.4,2.7,0.502,0.563,0.6,0.7,0.833,0.2,3.1,3.3,2.1,0.8,0.4,1.2,2,9.2
PF,22,CHO,24,24,28.8,4,9.6,0.42,1.1,3.3,0.329,3,6.3,0.467,0.476,2,2.7,0.738,1.7,4.9,6.5,3,0.9,1.3,2,2.7,11.2
PG,26,MEM,5,0,9,0.4,2,0.2,0.2,0.8,0.25,0.2,1.2,0.167,0.25,0.6,0.8,0.75,0.2,0.6,0.8,0.8,0,0,0.2,0.4,1.6
PF,22,MEM,19,6,21.2,3.4,6.3,0.546,0.5,1.3,0.375,2.9,5,0.589,0.584,0.6,0.8,0.75,1.4,3.1,4.5,1.6,1,0.6,0.9,2.5,7.9
PF,24,LAL,36,0,13.1,1.5,4.1,0.369,0.1,1,0.135,1.4,3.1,0.446,0.386,1,1.5,0.685,0.6,2.8,3.4,0.6,0.4,0.3,0.5,1.1,4.2
C,35,CHI,72,72,31.8,6.5,13.8,0.469,0.3,1,0.348,6.2,12.9,0.478,0.481,3.2,4,0.792,2.2,8.9,11,4.1,0.6,2,2.3,2.1,16.5
SF,27,OKC,68,2,14.4,1.3,3.3,0.389,0.4,1.4,0.309,0.8,1.8,0.452,0.457,0.4,0.6,0.659,0.7,1.3,2.1,0.4,0.4,0.1,0.5,1.8,3.4
C,32,MIL,28,28,27.1,3.9,8.5,0.46,1.6,4.6,0.359,2.3,3.9,0.578,0.557,1.3,1.6,0.841,1.5,3.6,5.1,0.6,0.5,1.3,0.8,1.9,10.8
PF,23,POR,61,10,21.9,3.2,7.1,0.448,1.4,3.7,0.377,1.8,3.4,0.527,0.547,0.6,0.8,0.761,0.8,4.3,5.1,1.5,0.1,0.3,1.3,3,8.4
PF,27,DAL,19,19,30.7,3.3,7.4,0.45,1.9,5.1,0.381,1.4,2.3,0.605,0.582,0.5,0.6,0.833,1.5,3.3,4.8,1.2,1,0.4,0.6,2.7,9.1
PG,21,MIN,2,0,2,0,0,0,0,0,0,0,0,0,0,0,0,0,0,0,0,0,0,0,0.5,0,0
SF,35,MEM,76,45,28.8,3.5,9.1,0.381,1.6,4.9,0.322,1.9,4.3,0.449,0.467,1.5,1.8,0.804,1.1,4.4,5.5,2.1,1,0.8,1.6,3.1,10
SF,21,DET,26,9,20.3,2.9,7,0.418,1.9,4.7,0.413,1,2.3,0.426,0.555,1.5,1.8,0.826,0.4,3.2,3.7,1,0.5,0,0.7,1.3,9.2
PG,21,DET,8,0,8.8,0.6,1.8,0.357,0,0.1,0,0.6,1.6,0.385,0.357,1,1.3,0.8,0.1,0.3,0.4,1,0.5,0.1,0.6,1.1,2.3
SF,35,CLE,1,0,42,6,14,0.429,1,2,0.5,5,12,0.417,0.464,0,0,0,1,4,5,2,1,2,0,6,13
SG,24,TOT,44,3,9.3,0.8,2.4,0.343,0.3,0.9,0.308,0.5,1.5,0.364,0.4,0.8,1.3,0.655,0.1,0.8,0.9,0.5,0.3,0,0.5,0.9,2.7
C,31,DAL,76,69,26.4,2.9,6.2,0.466,0,0,0,2.9,6.1,0.469,0.466,2.8,3.6,0.768,3.3,6.2,9.4,1.7,0.8,0.3,1.6,2.4,8.6
PG,19,CHO,28,8,27.7,5.4,12.4,0.437,1.8,5.1,0.354,3.6,7.3,0.495,0.51,2,2.5,0.797,1.5,4.6,6.2,6.1,1.5,0.4,2.7,2.6,14.6
SF,26,DET,80,80,35.7,5.1,11.8,0.434,1.4,3.7,0.362,3.8,8.1,0.467,0.491,2.5,3.4,0.749,1.1,3.9,5.1,2.5,0.8,0.3,1.8,2.1,14.1
SF,26,TOR,13,0,3.2,0.7,1.1,0.643,0.6,0.8,0.727,0.1,0.2,0.333,0.929,0,0,0,0.1,0.6,0.7,0.2,0,0.2,0.1,0.5,2
PF,24,DAL,69,2,14.4,2.1,4.3,0.493,0,0.2,0.125,2.1,4.1,0.514,0.497,1.5,2.1,0.739,1.2,2.7,4,0.6,0.5,0.3,0.6,1.7,5.8
C,28,BOS,26,21,24,3.7,6.5,0.571,0.9,2.2,0.397,2.8,4.2,0.664,0.64,1.1,1.6,0.683,1.3,3.8,5.1,1.4,0.6,1,1,2.8,9.3
C,30,BRK,46,0,13.8,2.8,6.1,0.455,0.1,0.3,0.188,2.7,5.7,0.471,0.461,1,1.2,0.825,0.6,1.5,2.1,0.4,0.1,0.2,0.6,1.3,6.6
SG,22,SAC,68,53,21.2,2.9,6.7,0.429,1,2.7,0.362,1.9,4,0.474,0.502,1.1,1.5,0.718,0.5,1.7,2.2,1.2,0.8,0.1,1.5,2.1,7.8
SF,25,CHO,23,1,15.8,2.2,5.2,0.42,0.7,2.2,0.3,1.5,3,0.507,0.483,0.6,1.1,0.56,0.8,2,2.8,1.3,0.9,0.3,0.7,1.1,5.6
SF,23,LAL,29,11,20.7,1.3,4.3,0.31,0.7,2.4,0.286,0.7,1.9,0.339,0.389,0.6,0.7,0.85,0.3,2.1,2.4,0.7,0.5,0.2,0.5,1.2,4
SF,37,MIA,26,2,21.2,1.6,4.3,0.369,1,3.3,0.318,0.5,1,0.538,0.491,0.2,0.4,0.455,0.5,3.1,3.6,2.3,1,0.5,1,1.5,4.4
PG,29,SAC,72,72,35.2,4.9,10.9,0.454,0.9,2.4,0.365,4.1,8.5,0.479,0.494,1.2,2.1,0.58,1.1,5,6,11.7,2,0.1,3.9,2.4,11.9
SG,30,LAL,54,2,19.1,2.3,6.9,0.339,1.4,4.4,0.325,0.9,2.5,0.363,0.442,1.2,1.4,0.829,0.3,1.5,1.8,0.6,0.4,0.1,0.6,0.9,7.3
SG,27,CHO,78,13,26.3,3.8,9.3,0.412,1,2.9,0.336,2.9,6.4,0.446,0.464,3.1,3.7,0.815,0.5,2.7,3.2,3,0.7,0.5,1.9,2.1,11.7
C,27,NYK,82,82,27.1,4.4,8.1,0.539,0,0,0,4.4,8.1,0.54,0.539,1.6,2,0.795,3.3,4.1,7.3,1.4,0.2,1.6,1.6,2.2,10.3
SF,29,LAC,23,23,34.4,9.7,19,0.513,1.9,4.9,0.389,7.8,14.1,0.556,0.563,5.3,6.1,0.879,0.8,5,5.9,5,1.8,0.6,1.8,1.5,26.7
SG,27,BOS,18,1,15.3,1.7,3.4,0.5,0.4,1.2,0.333,1.3,2.3,0.585,0.556,1.1,1.6,0.69,0.9,1.6,2.5,0.4,0.9,0.1,0.6,1.2,4.9
PG,33,DEN,39,15,26.6,2.9,7.9,0.368,1.1,3.7,0.299,1.8,4.2,0.429,0.438,0.8,0.9,0.857,0.5,2.5,2.9,4.9,0.6,0.1,1.7,2.6,7.7
SF,29,BRK,30,26,30.9,5.5,10.5,0.529,3.3,6.6,0.495,2.3,3.9,0.586,0.685,0.5,0.8,0.696,0.6,2.9,3.5,1.9,0.5,0.2,0.8,2.4,14.9
C,21,IND,13,0,9.5,1.7,2.9,0.579,0.2,0.9,0.167,1.5,2,0.769,0.605,0.7,0.9,0.75,0.7,1.5,2.2,0.2,0.2,1.1,0.3,1.8,4.2
C,27,CLE,25,25,28.9,7.2,15.2,0.474,0,0.3,0,7.2,14.9,0.484,0.474,3.1,5.2,0.597,4,9.4,13.5,2.6,1.6,1.2,3.2,2.8,17.5
SF,26,MIN,19,3,15.4,2.4,4.8,0.489,0.6,1.9,0.297,1.8,2.9,0.618,0.549,0.9,1.2,0.783,0.3,1.2,1.5,0.5,0.9,0.5,0.5,1.2,6.3
PG,19,MIN,37,0,15.5,1.5,4.2,0.359,0.4,1.4,0.302,1.1,2.8,0.388,0.41,0.8,1.1,0.718,0.2,1.1,1.3,2.9,0.8,0.1,0.9,0.9,4.2
PF,20,BRK,14,0,10.5,1.5,3.6,0.412,0.1,0.9,0.167,1.4,2.8,0.487,0.431,0.4,0.6,0.667,1.2,2.4,3.6,0.9,0.1,0.4,0.8,1.9,3.6
PF,33,SAS,76,4,18.2,2.7,5,0.527,0.3,0.9,0.362,2.3,4.1,0.564,0.56,0.7,1,0.737,0.8,2.3,3.1,2.3,0.3,0.3,1.3,1.3,6.4
SG,26,TOR,78,78,35.9,7.9,17.7,0.446,0.6,1.8,0.338,7.3,15.9,0.458,0.463,7.1,8.4,0.85,0.8,3.7,4.5,4,1,0.3,2.2,2.1,23.5
PG,26,PHO,31,31,34.2,7.2,15.9,0.453,1.5,4.2,0.372,5.6,11.7,0.482,0.502,4.5,5.5,0.802,0.6,3.5,4,6.1,2,0.6,3.5,2.4,20.4
PF,26,BRK,12,4,18.2,2.5,6.2,0.405,1.1,3.1,0.351,1.4,3.1,0.459,0.493,2,2.3,0.889,0.2,2.7,2.8,0.6,0.7,0.7,0.9,1.8,8.1
SG,22,MIN,23,18,20.3,1.7,4.8,0.345,0.4,2,0.217,1.2,2.8,0.438,0.391,1.3,1.7,0.763,1,1.6,2.6,1.2,0.8,0.6,0.7,1.9,5
SG,25,NYK,9,0,2.3,0.1,0.8,0.143,0,0.7,0,0.1,0.1,1,0.143,0,0,0,0,0.1,0.1,0,0,0,0,0.3,0.2
PF,27,MIN,60,0,17.9,1.8,3.9,0.468,0.8,2.1,0.384,1,1.8,0.564,0.57,0.7,0.9,0.727,0.8,2.7,3.5,1.4,0.4,0.4,0.8,2.6,5.1
PG,26,BOS,82,79,32.2,7.2,16.9,0.428,2,5.7,0.359,5.2,11.2,0.462,0.488,5.8,6.6,0.871,0.6,2.4,3,6.2,1.1,0.1,2.7,2,22.2
PF,27,LAL,23,23,32.8,8.9,16.7,0.533,0.7,2.5,0.293,8.1,14.1,0.575,0.555,4,5.7,0.715,2,6.3,8.4,3,1.3,1.8,2,1.8,22.5
SG,20,LAL,25,0,16.5,2.7,6,0.447,0.5,1.7,0.279,2.2,4.3,0.514,0.487,0.9,1.1,0.821,0.4,2,2.4,1.8,0.8,0.5,1.2,1.9,6.8
SF,21,BRK,29,17,21.2,2.2,4.8,0.457,0.1,0.5,0.286,2,4.3,0.476,0.471,1.3,1.8,0.712,1.3,4,5.3,1.5,1.3,0.6,0.9,2.1,5.8
PG,38,LAC,59,3,13.9,0.9,2.5,0.374,0.5,1.6,0.295,0.5,0.9,0.519,0.469,0.1,0.1,0.875,0.6,1.3,1.9,2.2,0.9,0,0.8,1.4,2.5
PG,22,TOR,13,0,8.2,0.8,3,0.282,0.4,1.8,0.217,0.5,1.2,0.375,0.346,0.2,0.3,0.5,0.1,0.6,0.7,1.2,0.3,0,0.3,0.8,2.2
SG,26,CHO,26,26,33.3,7.5,15.2,0.49,3.4,7.7,0.445,4,7.5,0.536,0.602,2.2,2.8,0.795,0.6,3.5,4.1,3,1.3,0.5,1.7,2,20.6
SG,25,GSW,80,80,33.3,8.1,17.3,0.47,3.5,8.1,0.425,4.7,9.2,0.51,0.569,2.4,2.8,0.873,0.4,3.4,3.8,2.1,0.8,0.6,1.7,1.9,22.1
C,34,OKC,19,19,28.2,5.9,13,0.453,2.2,5.5,0.39,3.7,7.5,0.5,0.536,0.7,0.9,0.778,0.8,6.1,6.9,3.6,0.9,0.8,1.3,1.7,14.7
PF,23,LAL,1,0,8,0,2,0,0,0,0,0,2,0,0,0,0,0,0,4,4,0,0,2,2,1,0
PF,22,BOS,24,6,19.3,1.9,4.3,0.451,0.9,2.2,0.415,1,2,0.49,0.559,0.6,1.2,0.517,1,2,3,1,0.5,0.4,1,3,5.4
PF,30,WAS,81,41,25.9,2.9,6,0.478,1.2,2.9,0.42,1.6,3.1,0.534,0.581,0.9,1.2,0.735,0.7,2.9,3.5,2.1,0.9,0.2,1,2.3,7.9
SF,34,TOT,81,81,33.4,4.7,10.6,0.439,1.5,3.9,0.383,3.2,6.7,0.471,0.509,1.5,1.8,0.831,0.6,3,3.6,3.9,0.8,0,2,1.8,12.2
C,27,LAL,29,0,24.6,5.3,8.3,0.646,0,0.1,0,5.3,8.1,0.657,0.646,2.6,3.6,0.738,2.3,4,6.3,1.1,0.7,0.7,1.3,2.2,13.3
SG,26,SAS,55,2,14.8,2.2,4.4,0.504,0.3,0.9,0.383,1.9,3.5,0.533,0.541,1.3,1.7,0.75,0.3,1.5,1.7,1.1,0.4,0.1,1,1.9,6
SG,30,OKC,68,6,13.6,2,4.9,0.408,1.2,3,0.387,0.8,1.9,0.442,0.527,0.4,0.6,0.744,0.1,0.8,0.9,0.4,0.3,0.1,0.3,0.9,5.6
C,28,IND,73,11,20.7,3.8,7.5,0.506,0,0,0,3.8,7.5,0.507,0.506,1.2,1.7,0.712,2.1,4,6.2,1.2,0.5,0.5,1.3,2.1,8.8
SF,25,IND,11,0,3.9,0.5,1.6,0.333,0.2,0.7,0.25,0.4,0.9,0.4,0.389,0,0,0,0.1,0.9,1,0,0.2,0,0.4,0.4,1.3
PG,23,TOR,27,1,8.5,1.3,3,0.45,0.2,0.5,0.385,1.1,2.5,0.463,0.481,1,1.3,0.743,0.3,1.1,1.4,1.1,0.3,0.1,0.6,0.3,3.8
SF,36,LAL,35,5,16.9,1.6,5.1,0.311,0.7,2.4,0.31,0.8,2.7,0.312,0.384,1.1,1.6,0.702,0.5,2,2.5,0.8,0.6,0.3,0.4,1.9,5
SG,27,CHI,23,3,20.1,3.2,8.2,0.388,1.9,5,0.377,1.3,3.2,0.405,0.503,0.3,0.3,1,0.3,3.6,3.9,1.8,0.7,0,0.6,1.3,8.5
PG,30,MEM,3,0,11,0.7,2.7,0.25,0,0.7,0,0.7,2,0.333,0.25,0,0,0,0,1.3,1.3,2.3,0.3,0,1,1.3,1.3
PG,34,OKC,14,14,26.4,4.4,8.6,0.508,1.6,4.1,0.386,2.8,4.5,0.619,0.6,1.5,1.8,0.84,0.6,1.5,2.1,3.1,0.9,0.1,0.9,0.9,11.8
PG,35,PHO,26,26,32.4,6.5,13.4,0.489,1.5,4,0.369,5.1,9.4,0.539,0.543,2.7,2.7,0.972,0.6,4.1,4.7,8.2,1.2,0.3,2.3,2.7,17.2
PF,24,MIN,52,2,9.3,1,2.8,0.366,0.2,0.6,0.281,0.8,2.2,0.389,0.397,0.3,0.5,0.654,0.4,1.8,2.1,0.6,0.3,0.2,0.7,1.5,2.5
SF,24,CLE,15,0,17.5,2.1,4.3,0.477,0.9,2.8,0.31,1.2,1.5,0.783,0.577,1,1.1,0.882,0.7,3,3.7,1.2,0.6,0.5,1,1.3,6
PG,30,GSW,78,3,19.5,2.6,4.9,0.536,0,0.2,0.167,2.6,4.7,0.548,0.538,1,1.2,0.86,0.5,1.6,2.2,3,0.7,0.3,1,1.8,6.3
SG,23,MEM,14,0,17.4,2.3,5.5,0.416,0.6,1.6,0.391,1.6,3.9,0.426,0.474,0.5,1,0.5,0.2,2,2.2,1.6,0.9,0.2,1.1,1.8,5.7
SF,23,DET,27,0,15.4,2.1,5.6,0.38,1.4,4.3,0.322,0.7,1.3,0.571,0.503,0.8,0.9,0.875,0.3,1.6,1.9,1.2,0.6,0.2,0.7,0.9,6.4
PG,25,PHO,23,0,11.1,1.1,3.2,0.342,0.6,2.1,0.286,0.5,1,0.458,0.438,0.1,0.1,1,0.1,1.3,1.4,1.1,0.4,0.3,0.2,1.2,2.9
PG,31,CHI,69,0,16.1,2.7,6.8,0.401,1,2.7,0.357,1.8,4.1,0.43,0.471,0.7,0.9,0.766,0.3,1.2,1.5,2.6,0.4,0.1,1.2,1.9,7.1
SF,22,TOT,73,40,15.9,1.9,4.3,0.442,0.2,0.9,0.222,1.7,3.5,0.496,0.464,1.1,1.7,0.656,0.6,2,2.6,0.6,0.3,0.5,1,1.9,5.1
SG,23,NOP,14,11,19.9,2,4.9,0.406,0.9,2.3,0.375,1.1,2.6,0.432,0.493,0.8,1.5,0.524,0.6,2.9,3.4,1.1,0.7,0.1,0.8,1.2,5.6
SG,28,IND,9,9,33.3,7.1,16.9,0.421,2.8,7.7,0.362,4.3,9.2,0.47,0.503,3,4.1,0.73,0.1,5.6,5.7,4.2,1.7,0.2,2,2.6,20
SG,24,OKC,78,15,27.6,3.6,9.1,0.399,1.1,3.1,0.358,2.5,6,0.421,0.46,1.4,2,0.713,0.5,2.1,2.6,2,1,0.2,1.5,1.8,9.8
PF,20,MIL,76,72,31.7,5.8,11.8,0.493,0.1,0.5,0.257,5.7,11.4,0.502,0.498,2.3,3,0.768,1.6,3.6,5.2,1.7,0.9,0.4,1.5,2,14.1
PF,24,CHI,66,38,24.9,3.8,9.2,0.407,2,5.2,0.39,1.7,4,0.43,0.518,2.2,2.7,0.807,0.9,4.6,5.5,1.5,0.9,0.7,1.5,2.3,11.8
PF,30,MIA,74,73,32.4,4.6,10.1,0.455,1.2,3.5,0.344,3.4,6.6,0.513,0.514,2,2.6,0.755,1.5,4.5,6,1.9,1,0.4,1.1,1.6,12.3
PG,21,CHI,1,0,10,2,4,0.5,0,0,0,2,4,0.5,0.5,0,0,0,0,1,1,0,0,0,0,1,4
SG,28,BRK,76,41,21.3,2.9,7.4,0.389,1.3,3.5,0.358,1.6,3.9,0.416,0.474,0.7,0.8,0.857,0.3,2,2.3,1.1,0.6,0.1,0.6,1.1,7.7
SG,20,MIN,82,33,28,5.3,11.7,0.452,1.5,3.9,0.389,3.8,7.8,0.482,0.516,2,2.5,0.793,0.3,2.5,2.8,3.1,0.8,0.2,1.9,2.4,14
SG,21,DEN,76,76,32.1,4.7,10.1,0.469,1.4,3.9,0.354,3.3,6.2,0.543,0.538,1.4,1.8,0.82,0.7,2.2,2.9,1.9,1.3,0.2,1.3,1.9,12.3
SF,20,WAS,22,16,22.9,2.5,6,0.424,1.2,3.5,0.355,1.3,2.5,0.518,0.527,0.5,0.9,0.579,0.5,4.4,4.9,1.6,0.8,0.2,0.8,2.8,6.8
C,29,DET,81,1,15.2,2.4,4.7,0.505,0,0,0,2.4,4.7,0.508,0.505,1.6,2,0.764,1.7,3,4.7,0.6,0.3,0.6,0.8,1.9,6.3
SG,30,IND,81,81,33.8,5.4,12.6,0.427,1.1,3.5,0.309,4.3,9.1,0.472,0.47,2,2.5,0.786,0.5,2.8,3.3,4.7,1.9,0.5,2.5,2.1,13.8
SF,21,SAC,6,0,2.8,1,1.8,0.545,0.2,0.5,0.333,0.8,1.3,0.625,0.591,0,0.3,0,0.5,0.8,1.3,0,0,0,0.2,0,2.2
SG,28,UTA,29,0,26.2,6.7,14.8,0.453,3.2,8.5,0.382,3.4,6.3,0.549,0.563,1.6,1.7,0.958,0.9,3.2,4.1,2.1,1,0.2,1.9,1.4,18.2
PG,28,BRK,61,33,21.6,2.5,5.7,0.44,0.6,1.6,0.384,1.9,4.1,0.462,0.494,1.3,1.7,0.75,0.3,2.6,2.8,4.4,0.5,0.1,1.3,1.2,7
SF,20,HOU,7,0,9.9,1.4,3.9,0.37,0.1,0.6,0.25,1.3,3.3,0.391,0.389,0.3,0.7,0.4,1.1,1.6,2.7,0.6,0.3,0.7,0.7,1.3,3.3
C,26,WAS,29,0,7.5,1,2.3,0.412,0,0,0,1,2.3,0.418,0.412,0.2,0.4,0.385,0.7,1.3,2,0.4,0.3,0.1,0.5,1.8,2.1
SG,22,CLE,24,24,35.3,8.4,17.4,0.484,1.5,3.6,0.407,7,13.8,0.505,0.526,4.5,5.5,0.805,0.8,1.8,2.5,4.3,1.1,0.2,2.5,2.9,22.8
PF,22,HOU,39,1,9.7,1.5,2.3,0.644,0,0,0,1.5,2.3,0.652,0.644,0.6,1.2,0.522,0.6,1,1.7,0.4,0.3,0.3,0.4,1.2,3.6
PF,25,GSW,81,81,34.7,5,10.1,0.49,1.2,3.2,0.388,3.7,6.9,0.537,0.551,2.8,4.1,0.696,1.7,7.8,9.5,7.4,1.5,1.4,3.2,3,14
C,20,NOP,21,1,11.7,1.7,2.6,0.636,0,0,0,1.7,2.6,0.636,0.636,0.9,1.2,0.692,1.2,2.4,3.6,0.4,0.3,0.3,0.6,1.8,4.2
SG,31,NOP,27,26,28.9,4.6,10.5,0.437,2.2,5.4,0.401,2.4,5.1,0.474,0.54,1.3,2,0.648,0.5,3.1,3.6,3.7,0.7,0.3,1.7,1.5,12.7
SG,25,CLE,54,5,24.4,2.1,5.6,0.374,0.8,2.7,0.295,1.3,2.9,0.447,0.444,0.7,0.9,0.784,0.6,3.2,3.8,1.7,1,0.4,1.1,2.2,5.8
SG,28,DET,28,23,29.4,3.7,8.1,0.456,0.9,2.4,0.353,2.9,5.7,0.5,0.509,2.2,2.8,0.785,1.1,3.5,4.6,4.9,1.4,0.5,1.2,1.1,10.5
C,26,MIA,73,43,29.1,5.7,9.3,0.606,0,0,0,5.7,9.3,0.606,0.606,2.9,4.5,0.65,3.3,8.6,11.8,0.4,0.6,3.7,1.9,2.8,14.2
PG,25,TOT,52,27,20.3,3.5,8,0.439,0.8,2.4,0.312,2.8,5.6,0.493,0.486,0.9,1.2,0.738,0.3,2.2,2.5,3.6,0.7,0.1,1.8,1.4,8.6
C,28,TOR,28,0,23.4,4.8,9,0.528,1.6,3.6,0.441,3.1,5.4,0.587,0.617,2.5,3.3,0.75,2,4.8,6.8,1,0.5,2.1,0.7,2.7,13.6
SG,25,LAC,23,0,7.3,1.1,2.9,0.394,0.4,1,0.391,0.7,1.9,0.395,0.462,0.4,0.5,0.75,0,0.5,0.5,0.4,0.4,0.1,0.1,0.7,3
PF,32,PHI,11,3,17.5,1.5,4.4,0.333,1,3.5,0.289,0.5,0.9,0.5,0.448,0.2,0.3,0.667,0.4,2.3,2.6,0.1,0.3,0.2,0.5,1.4,4.1
SF,22,BOS,23,23,35.2,9.3,20.8,0.449,2.7,7,0.389,6.6,13.8,0.479,0.515,4.4,5,0.886,0.6,6.4,7,4.7,1.3,0.4,2.4,1.9,25.8
PG,22,MEM,12,0,21.5,4,8.3,0.48,1.6,3.6,0.442,2.4,4.8,0.509,0.575,0.4,0.7,0.625,0.3,2.7,3,3.2,0.9,1,1.4,2.1,10
SG,25,HOU,26,1,21.4,2.8,6.2,0.45,1.5,3.8,0.408,1.2,2.4,0.516,0.575,0.4,0.4,1,0.8,3.1,3.9,1.8,1,0.3,0.7,2,7.5
C,23,TOR,29,1,7.8,1,1.5,0.636,0,0.1,0.333,0.9,1.4,0.659,0.648,0.3,0.5,0.533,0.6,1,1.6,0.2,0.4,0.4,0.4,1,2.2
PF,31,LAC,10,1,13,1.6,3.8,0.421,1,2.8,0.357,0.6,1,0.6,0.553,0.3,0.4,0.75,0.4,1.6,2,0.5,0.3,0.1,0.7,1.3,4.5
C,26,ATL,25,25,29.3,6.3,10.9,0.579,0,0,0,6.3,10.9,0.579,0.579,1.6,3.1,0.532,4.6,9.4,14,1,0.8,2.2,1.4,2.3,14.3
PG,36,LAL,29,29,34.7,9.4,18.8,0.504,2.5,6.7,0.378,6.9,12.1,0.573,0.571,4.2,6,0.711,0.6,7.6,8.2,7.9,1,0.5,3.7,1.6,25.7
C,23,MIA,26,26,33.6,7.4,12.9,0.573,0.1,0.2,0.4,7.3,12.7,0.576,0.576,5.1,6,0.841,1.9,7.3,9.2,5.3,1,1,3,2.6,19.9
SF,24,DET,37,0,11.6,1.2,2.6,0.439,0.6,1.4,0.415,0.6,1.2,0.467,0.551,0.4,0.4,0.933,0.4,1.5,1.8,0.7,0.3,0.1,0.2,0.8,3.3
SG,26,HOU,82,82,38.1,8.7,19.7,0.439,2.9,8,0.359,5.8,11.7,0.494,0.512,8.8,10.2,0.86,0.8,5.3,6.1,7.5,1.7,0.6,4.6,2.8,29
PF,20,POR,78,56,15.1,1.5,3.6,0.421,0.1,0.6,0.239,1.4,3,0.457,0.441,0.5,0.7,0.745,1.2,2.7,3.9,0.4,0.3,0.3,0.6,1.9,3.6
SF,23,POR,24,23,27.1,2.8,6,0.476,0.7,2.6,0.274,2.1,3.4,0.63,0.535,1.3,2,0.612,1.8,2.9,4.7,0.7,0.8,0.9,0.7,2.6,7.6
SG,22,OKC,28,5,24,4.7,9.8,0.48,0.4,1.4,0.289,4.3,8.5,0.511,0.5,2.7,4.1,0.661,1.1,4.3,5.4,2.5,1,0.4,1.5,2.5,12.5
C,25,MIN,9,9,33.1,7.7,15.1,0.507,2,4.7,0.429,5.7,10.4,0.543,0.574,4.4,4.8,0.93,3.1,7.4,10.6,3.3,1,1.9,2.8,3.3,21.8
C,28,GSW,72,0,11.6,2.7,6.3,0.432,0.3,0.9,0.387,2.4,5.5,0.439,0.458,1.3,1.6,0.825,1.1,2.3,3.3,0.8,0.3,0.5,0.9,1.6,7.1
PG,27,LAL,15,0,3.4,0.6,1.4,0.429,0.3,0.7,0.364,0.3,0.7,0.5,0.524,0.3,0.3,0.8,0,0.3,0.3,0.3,0.1,0,0.2,0.1,1.7
PF,30,POR,26,26,31.4,2.7,7.2,0.371,1.7,5.1,0.333,1,2.1,0.463,0.489,0.6,0.7,0.889,0.8,5.4,6.2,1.8,1.6,0.9,1,2.6,7.6
SF,28,HOU,24,9,23.3,3.4,7,0.482,0.6,2.2,0.264,2.8,4.8,0.583,0.524,1.4,2.1,0.68,1.2,2.5,3.7,1.1,1.1,0.8,0.6,2.1,8.8
PG,23,TOT,8,0,4.9,0.5,1.3,0.4,0,0.4,0,0.5,0.9,0.571,0.4,0,0,0,0,0,0,0.4,0.4,0,0.6,0.3,1
C,32,HOU,2,0,12,0.5,1,0.5,0,0,0,0.5,1,0.5,0.5,1,1,1,0,4,4,1,0,0,1.5,3,2
PG,21,CLE,21,18,32.3,6.4,14.2,0.452,1.7,4.1,0.407,4.8,10.1,0.469,0.51,1.3,1.5,0.903,0.5,1.8,2.2,5.3,1,0.1,2.5,2.4,15.9
PF,34,WAS,30,0,10.2,1.1,3.4,0.32,0.2,1.4,0.171,0.9,2.1,0.419,0.354,0.3,0.5,0.643,0.9,1.9,2.8,0.4,0.3,0.4,0.4,1.3,2.7
C,23,UTA,61,60,31.7,3.2,5.8,0.559,0,0,0,3.2,5.8,0.559,0.559,2.6,4.6,0.569,3.4,7.5,11,1.5,0.7,2.2,1.9,2.7,9.1
SG,24,ATL,35,0,11.3,0.8,2.3,0.35,0.3,1.4,0.245,0.5,0.9,0.516,0.425,0.5,0.6,0.727,0.1,1.3,1.4,1.1,0.3,0.1,0.7,1.3,2.4
C,25,MIL,28,1,21.8,5,9,0.556,1.1,2.2,0.484,3.9,6.8,0.579,0.615,0.7,1,0.679,2,5.3,7.3,1.1,0.9,0.4,0.8,2,11.8
SF,31,GSW,27,0,16.6,2.5,4.9,0.515,1,2.3,0.459,1.5,2.6,0.563,0.621,0.9,1.1,0.8,0.5,2.6,3.1,1.6,0.8,0.6,1,2.2,7
C,25,UTA,51,10,12.9,1.7,3.2,0.537,0,0,0,1.7,3.1,0.544,0.537,0.8,1.2,0.729,1.1,2.3,3.4,0.4,0.4,1,0.5,1.5,4.3
PG,32,GSW,29,29,34,10,20.3,0.492,5,11.8,0.425,5,8.6,0.582,0.614,5,5.3,0.935,0.4,4.9,5.3,6,1.2,0.1,3.2,1.9,30
PF,28,BOS,79,76,22.8,3.2,5.4,0.585,0.1,0.5,0.233,3,4.8,0.624,0.596,0.9,1.5,0.57,2.3,4.1,6.4,1.7,0.7,1.1,1.2,2.7,7.3
PF,22,ORL,13,0,21.7,1.7,4.5,0.379,0.7,2.2,0.31,1,2.2,0.448,0.457,0.2,0.5,0.5,1.2,2.2,3.4,2.1,0.8,0.3,0.7,1,4.3
SG,21,CHO,21,0,4.4,0.2,0.9,0.263,0.1,0.5,0.3,0.1,0.4,0.222,0.342,0.2,0.6,0.417,0.2,0.5,0.7,0.1,0.3,0,0.2,0.5,0.9
PG,34,LAC,28,3,22.4,4.4,10.4,0.423,1.1,2.8,0.38,3.3,7.6,0.439,0.474,2.5,2.9,0.854,0.4,2,2.4,3.9,0.8,0.1,1.5,1,12.4
SG,31,NYK,61,25,14.9,1.7,4.5,0.383,0.9,2.3,0.364,0.9,2.2,0.403,0.477,0.5,0.6,0.821,0.4,2,2.4,1.4,0.6,0.1,0.7,1.4,4.9
SG,23,POR,81,8,26,3.8,8.4,0.459,1.4,3.5,0.393,2.5,4.9,0.506,0.541,1.2,1.4,0.867,0.3,2.3,2.7,1.2,0.8,0.2,0.8,2.4,10.3
C,28,MIA,3,2,9.7,1,2.3,0.429,1,2.3,0.429,0,0,0,0.643,0.3,0.7,0.5,0,2.3,2.3,0.7,0,0,0.7,1.7,3.3
PG,32,LAL,53,0,16.4,1.8,4.3,0.422,0.3,1.2,0.262,1.5,3.2,0.479,0.457,0.5,0.5,0.931,0.3,1.4,1.7,3.4,0.5,0.1,1.5,1.4,4.5
SF,26,ATL,75,68,27.8,4.3,9.7,0.441,1.5,4.1,0.357,2.8,5.6,0.502,0.517,1.6,2,0.815,0.4,4.7,5.1,2.3,1.3,0.5,1.8,2.3,11.6
PG,22,ATL,26,26,34.7,7.6,17.7,0.429,2.3,6.2,0.369,5.3,11.5,0.462,0.493,9,10.2,0.887,0.7,3.2,3.8,9.3,0.8,0.3,4.3,2,26.5
SF,19,MIA,78,8,28.6,2.5,5.9,0.422,0.4,1.5,0.276,2.1,4.4,0.471,0.457,1,1.5,0.684,1,4.1,5.2,1.5,0.9,0.3,1.2,2.4,6.4
SF,29,MIN,33,0,8.4,0.8,1.9,0.403,0.5,1.5,0.34,0.2,0.4,0.667,0.54,0.2,0.2,1,0.2,0.5,0.6,0.3,0.1,0,0.4,1,2.3
SG,24,UTA,27,27,33.6,8.3,19.4,0.427,3.4,8.6,0.391,4.9,10.8,0.457,0.514,4.2,5.1,0.832,1,3.4,4.4,5.1,0.9,0.4,3,2.2,24.2
SF,28,LAL,14,0,3.1,0.7,1.1,0.625,0.2,0.4,0.6,0.5,0.8,0.636,0.719,0.1,0.3,0.5,0.4,0.4,0.9,0.1,0.1,0,0.1,0.3,1.8
PG,21,PHO,57,13,19.5,3.1,7.4,0.417,0.4,1.7,0.232,2.7,5.7,0.474,0.444,2.3,3.4,0.674,0.5,2,2.5,2.1,0.5,0.2,1.8,1.5,8.9
SG,22,TOR,49,24,14.8,2,4.7,0.424,0.7,1.8,0.404,1.2,2.9,0.436,0.502,0.9,1.1,0.811,0.3,1.9,2.3,1,0.6,0.2,0.7,1.2,5.6
PG,31,DAL,65,63,32.4,4.9,11.9,0.414,1.5,4.3,0.344,3.4,7.6,0.454,0.477,2.8,3.2,0.869,0.3,2.6,2.9,5.8,0.9,0.2,2.3,2.4,14.1
SG,31,HOU,8,8,36.3,7.5,16.9,0.444,3.1,9,0.347,4.4,7.9,0.556,0.537,6.6,7.5,0.883,0.6,4.5,5.1,10.4,0.9,0.8,4.3,1.8,24.8
C,32,DAL,15,0,7.2,1.9,3.6,0.519,0,0.2,0,1.9,3.4,0.549,0.519,0.6,0.9,0.692,1.3,2,3.3,0.1,0,0,0.2,0.8,4.3
SF,26,TOR,18,0,12.4,1,2.8,0.353,0.7,1.6,0.429,0.3,1.3,0.261,0.471,0.4,0.4,1,0.9,2.4,3.3,0.4,0.5,0.6,0.4,1.1,3.1
SG,24,LAC,29,7,22,3,6.5,0.463,1.6,3.6,0.442,1.4,2.9,0.488,0.585,0.4,0.5,0.867,0.3,2.6,2.9,1.8,0.3,0.2,0.9,1.6,8
SG,23,POR,34,0,4.2,0.4,1.4,0.265,0.1,0.6,0.238,0.2,0.8,0.286,0.316,0.1,0.1,1,0.3,0.6,0.9,0.3,0.1,0,0.3,0.2,1.1
C,25,BOS,6,0,8.2,1.3,2,0.667,0,0,0,1.3,2,0.667,0.667,0.5,1.3,0.375,1.3,2.2,3.5,0,0,1.3,0.2,1.5,3.2
SF,22,IND,1,0,5,1,2,0.5,0,0,0,1,2,0.5,0.5,1,1,1,0,1,1,0,0,0,0,0,3
SG,22,POR,12,0,3.5,0.4,1.6,0.263,0.1,0.8,0.111,0.3,0.8,0.4,0.289,0.3,0.3,0.75,0,0.3,0.3,0.1,0,0,0.3,0.1,1.2
PG,27,NOP,45,23,26.6,4.4,10.8,0.405,0.7,2.3,0.324,3.6,8.5,0.427,0.439,1.2,1.4,0.8,0.2,3.1,3.4,3.7,0.8,0.1,1.7,2.3,10.6
PF,24,MIA,6,0,8.8,1,1.5,0.667,0.2,0.2,1,0.8,1.3,0.625,0.722,1.7,2,0.833,1.2,1.8,3,1,0.2,0.3,1.3,2.3,3.8
PG,30,POR,27,27,35.9,9.2,20.4,0.451,4.1,10.8,0.384,5.1,9.6,0.527,0.553,7.2,7.7,0.933,0.5,3.9,4.4,7.7,1.1,0.3,3.1,1.6,29.8
PF,22,NYK,20,0,12,2,4.2,0.482,0.6,1.9,0.297,1.5,2.3,0.63,0.548,0.4,0.5,0.7,0.3,2.2,2.4,0.5,0.2,0.5,0.5,0.9,4.9
SF,35,CLE,48,0,9.6,1.2,3,0.408,0.9,2.2,0.394,0.4,0.8,0.447,0.553,0.4,0.5,0.808,0.2,0.9,1,0.3,0.2,0.2,0.3,1,3.7
C,20,ATL,9,1,10.3,1.1,2.1,0.526,0,0,0,1.1,2.1,0.526,0.526,0.8,1.3,0.583,0.7,2.1,2.8,0.4,0.4,0.7,0.6,1.7,3
PG,30,HOU,19,19,31.1,7.4,16.8,0.441,2.1,5.8,0.351,5.4,11,0.488,0.502,3.5,4.7,0.744,0.5,3.2,3.7,6.3,1,0.7,3.5,1.4,20.4
PF,23,DEN,13,0,3.5,0.2,1.1,0.214,0.1,0.6,0.125,0.2,0.5,0.333,0.25,0.1,0.2,0.5,0.2,0.7,0.9,0.1,0.3,0.2,0.4,0.2,0.6
SF,27,SAC,69,21,27.2,4.3,9,0.481,1.6,4,0.409,2.7,5,0.537,0.571,1.5,2.3,0.648,0.8,5.1,5.9,1.4,0.8,0.2,1.4,2.2,11.8
PG,22,ATL,80,6,20.3,4.1,9.8,0.421,1,3,0.322,3.2,6.8,0.465,0.471,1.8,2.3,0.791,0.3,2.2,2.6,4.4,0.9,0.1,2.3,1.7,11
C,23,PHI,10,1,11.7,1.9,3.6,0.528,0,0.1,0,1.9,3.5,0.543,0.528,0.3,0.5,0.6,2.1,2.9,5,0.6,0.3,0.6,0.1,1.1,4.1
PF,37,DAL,75,75,31.5,6.6,14.8,0.448,1.7,4.6,0.368,5,10.3,0.483,0.504,3.3,3.7,0.893,0.7,5.8,6.5,1.8,0.7,0.7,1.1,2.1,18.3
SF,24,CHI,7,0,9.1,0.7,2.6,0.278,0.1,0.4,0.333,0.6,2.1,0.267,0.306,0.3,0.3,1,0.1,2.7,2.9,0.6,0.1,0,0.7,1.3,1.9
C,26,PHI,23,23,32.5,9.4,17.5,0.54,1.2,3,0.397,8.3,14.5,0.569,0.573,9.7,11.3,0.851,1.9,8.9,10.8,3.1,1.3,1.2,3.4,2.5,29.7
SF,22,WAS,75,73,30.3,4.5,9.6,0.473,1.3,3.6,0.367,3.2,6,0.536,0.541,1.3,1.7,0.754,1.3,3.9,5.2,1.6,1.4,0.4,0.9,2.2,11.6
SF,24,PHO,27,27,33.3,5.1,10.1,0.504,2,4.9,0.398,3.1,5.1,0.604,0.601,2,2.4,0.833,1.4,4,5.3,2.1,0.6,1,0.7,1.9,14.1
PF,27,IND,13,0,6,0.8,1.9,0.44,0,0.2,0,0.8,1.7,0.5,0.44,0.6,0.8,0.8,0.5,1.5,2,0,0.1,0.2,0.2,0.7,2.3
PF,31,LAL,23,2,15.3,1.6,4,0.387,0.9,2.7,0.323,0.7,1.3,0.516,0.495,0.6,0.8,0.722,0.6,2.9,3.5,0.9,0.2,0.3,0.5,1.5,4.6
C,28,ORL,29,0,21.8,2.5,4.8,0.514,0.1,0.4,0.25,2.4,4.4,0.539,0.525,1.6,2.1,0.742,2.8,3.2,6,1.2,0.7,0.7,0.7,1.7,6.7
PG,23,NYK,2,0,2.5,0,0.5,0,0,0,0,0,0.5,0,0,1,1,1,0,0,0,0,0,0,1,0,1
SF,25,LAL,29,7,25,4.3,9.5,0.453,1.7,4.6,0.361,2.7,4.9,0.538,0.54,0.6,0.9,0.615,1.8,4.2,6,1.1,0.3,0.7,1.3,1.6,10.8
SG,24,LAC,27,3,15.1,1.6,3.5,0.457,0.2,0.9,0.25,1.4,2.6,0.529,0.489,0.9,1.2,0.75,0.9,2.4,3.3,1.1,0.5,0.2,0.7,1.5,4.3
SF,25,UTA,80,80,36.2,6.5,15,0.433,1.8,5.1,0.349,4.7,9.9,0.477,0.493,4.9,6,0.824,0.8,4.2,5,3.7,1.2,0.3,2.5,2.3,19.7
SG,20,DAL,17,5,12.5,1,2.1,0.472,0.1,0.7,0.167,0.9,1.4,0.625,0.5,0.4,0.6,0.545,0.7,1.6,2.3,0.6,0.2,0.1,0.6,0.9,2.5
SF,25,GSW,29,29,29.4,5.2,12.7,0.41,1.7,5.3,0.31,3.6,7.3,0.484,0.476,2.2,2.9,0.759,1.4,4.5,5.9,1.4,1.1,0.8,1.4,2.4,14.2
SF,22,TOT,14,0,5.2,0.4,1.4,0.3,0.2,1,0.214,0.2,0.4,0.5,0.375,0.1,0.1,0.5,0.1,0.7,0.9,0.3,0.4,0.1,0.5,0.6,1.1
SG,25,PHI,8,2,15.4,2.4,6,0.396,1,3.3,0.308,1.4,2.8,0.5,0.479,0.3,0.8,0.333,0.1,0.8,0.9,1.6,0.1,0.4,0.1,0.9,6
C,27,TOT,35,9,12.5,2.3,4.4,0.516,0,0,0,2.3,4.4,0.519,0.516,1.3,2.9,0.447,1.1,2.7,3.8,0.7,0.4,0.4,0.7,1.3,5.9
SF,28,UTA,81,2,15.3,1.5,3.6,0.426,1,2.6,0.386,0.5,1,0.531,0.565,0.2,0.2,0.722,0.2,1.6,1.9,1.2,0.7,0,0.8,1.2,4.2
SG,27,TOR,26,15,28.3,5.5,11.8,0.464,2.3,5.3,0.424,3.2,6.5,0.497,0.56,3,3.4,0.876,0.4,2.5,2.9,1.5,1.1,0.2,1.4,2,16.3
SF,27,SAC,22,1,15.7,1.8,4.2,0.43,0.7,2,0.372,1.1,2.3,0.48,0.516,1,1,0.913,0.3,1.3,1.6,0.9,0.1,0.1,0.5,1,5.3
C,22,PHO,27,27,32.1,6.1,10.3,0.59,0.1,0.6,0.25,5.9,9.7,0.611,0.597,1.6,2.3,0.721,3.7,8.6,12.2,1.8,0.3,1,2.1,3.4,13.9
PF,21,LAL,81,60,28.2,4.4,10.3,0.429,0.1,0.4,0.278,4.3,9.9,0.436,0.435,2.4,3.3,0.715,2.1,8.1,10.2,1.8,0.7,0.4,1.8,3,11.3
PF,24,CLE,82,34,27.7,3,5.1,0.588,0,0,0,3,5.1,0.588,0.588,1.8,3,0.616,3.3,5.7,9,0.8,0.5,0.6,0.7,2.5,7.8
SG,23,PHI,26,1,17.7,1.2,3.2,0.386,0.6,2,0.288,0.7,1.2,0.548,0.476,0.2,0.5,0.5,0.3,1,1.3,0.8,1.6,0.8,0.3,2,3.3
PG,27,CLE,2,0,20,4,10.5,0.381,1.5,4.5,0.333,2.5,6,0.417,0.452,0,1,0,1.5,2,3.5,2.5,1.5,0.5,1.5,2,9.5
PF,28,BOS,78,0,15.1,1.5,3.7,0.413,0.6,1.4,0.398,1,2.3,0.421,0.488,0.8,1,0.782,1,2.7,3.7,0.8,0.3,0.3,0.7,1.8,4.4
PG,22,DET,12,0,13.3,1.6,4.5,0.352,0.1,0.8,0.1,1.5,3.7,0.409,0.361,1.6,2.8,0.576,0.3,1.1,1.4,1.8,0.3,0,0.6,1.7,4.8
SF,24,WAS,26,0,5.7,0.8,2.5,0.308,0.6,1.8,0.319,0.2,0.7,0.278,0.423,0.3,0.3,1,0.1,0.8,0.9,0.2,0.2,0,0,0.2,2.4
SF,29,HOU,82,12,20.4,2.6,6.7,0.384,0.7,2.7,0.272,1.8,4,0.46,0.439,1.3,1.7,0.75,0.5,1.9,2.4,1.3,1,0.2,1,2,7.2
SG,21,OKC,27,27,29.6,4.3,10.6,0.409,1.9,5.7,0.323,2.5,4.9,0.511,0.497,2,2.6,0.746,0.7,2.8,3.5,1.4,0.9,0.3,1.5,2.5,12.5
PF,25,NYK,65,1,11.8,2,4.2,0.476,0.1,0.3,0.227,1.9,3.8,0.498,0.485,0.7,0.9,0.767,1.2,2.7,3.8,1.1,0.3,0.8,0.9,1.6,4.8
SF,24,MIA,16,0,14.7,2.6,4.9,0.519,1.7,4,0.422,0.9,0.9,0.933,0.69,0.4,0.6,0.778,0.1,1,1.1,0.5,0.1,0,0.2,1.2,7.3
C,24,DEN,59,15,17.6,3.3,6.4,0.513,0.2,0.9,0.245,3.1,5.5,0.557,0.53,1.1,1.2,0.899,1.3,3.6,4.9,0.9,0.2,0.3,0.9,1.9,7.9
C,27,NOP,59,17,14.6,2.5,5.3,0.476,0,0,0,2.5,5.3,0.478,0.476,0.9,1.1,0.839,1.3,3.3,4.6,0.5,0.3,0.6,0.9,2.3,6
C,35,SAS,30,2,6.9,1,1.9,0.509,0.5,1.1,0.441,0.5,0.8,0.609,0.64,0.1,0.1,0.75,0.1,0.8,0.9,0.3,0.2,0,0.1,0.5,2.5
PG,24,ORL,55,0,10.9,1.2,3.7,0.338,0.6,1.9,0.327,0.6,1.8,0.351,0.423,0.6,0.8,0.733,0.2,0.8,1,1.8,0.4,0,0.8,0.7,3.7
SG,28,UTA,20,0,8.7,0.6,2,0.282,0.1,0.6,0.083,0.5,1.4,0.37,0.295,0.7,0.9,0.722,0.3,1.5,1.8,1,0.4,0.2,0.5,1.7,1.8
PG,23,ORL,5,0,5.4,0.4,1.6,0.25,0,0.6,0,0.4,1,0.4,0.25,0.4,0.4,1,0,0.2,0.2,0.2,0.2,0,0.6,1,1.2
C,25,SAC,65,65,34.6,9.2,20.5,0.451,1.1,3.2,0.333,8.2,17.3,0.473,0.477,7.3,10.2,0.718,2.4,9.1,11.5,3.3,1.6,1.4,3.8,3.6,26.9
SF,29,TOR,26,22,30.2,4,10.4,0.389,1.8,4.5,0.39,2.3,5.8,0.388,0.474,1.2,1.9,0.6,1.2,3.5,4.7,1,1.7,0.2,1.1,2.4,11
SG,31,LAC,75,75,28,5.6,11.7,0.48,2.7,5.6,0.475,3,6.1,0.484,0.593,2.4,2.7,0.888,0.1,1.7,1.9,1.4,0.6,0.1,1,1.8,16.3
PF,20,PHI,17,0,8.5,1.3,3.1,0.415,0.2,0.6,0.364,1.1,2.5,0.429,0.453,0.8,1.2,0.619,0.8,1.5,2.2,0.2,0.3,0.4,0.1,0.6,3.6
C,19,GSW,20,16,21,4.9,9.8,0.503,0.5,1.1,0.409,4.5,8.7,0.514,0.526,1.9,3.1,0.623,1.5,4.6,6.1,0.7,0.4,1.3,1.6,3.2,12.2
PG,29,MEM,12,10,24.3,3.5,8.3,0.42,1.3,3.8,0.356,2.2,4.6,0.473,0.5,0.8,0.8,1,0.3,1.8,2.1,3.1,1.3,0.2,1.5,1.8,9.2
SG,22,OKC,22,22,33.7,7.9,15.6,0.503,1.9,4.9,0.383,6,10.8,0.557,0.563,5,6.3,0.784,0.7,4.7,5.4,6.5,0.8,0.6,2.9,2,22.5
C,27,TOR,7,2,10.9,0.7,1.4,0.5,0.4,0.9,0.5,0.3,0.6,0.5,0.65,0.4,0.9,0.5,0,1.6,1.6,0.4,0.1,0.9,1.1,1.4,2.3
PG,27,ATL,79,78,28.5,5.5,12.5,0.439,1.4,3.5,0.4,4.1,9,0.454,0.495,3.3,3.9,0.837,0.4,2.3,2.7,5.9,1.2,0.3,2.8,2.1,15.7
PF,21,MEM,27,0,14.1,2,4.3,0.466,0,0.1,0,2,4.2,0.474,0.466,1.7,2.3,0.726,1.4,1.7,3.2,0.6,0.3,0.3,0.7,2.1,5.7
SG,25,CHI,27,27,35.6,10.2,19.6,0.52,3.6,8.2,0.437,6.6,11.4,0.58,0.612,4.5,5.3,0.847,0.8,4.7,5.5,5.2,1.1,0.4,3.9,2.6,28.5
PG,19,OKC,23,8,23.4,2.8,7,0.4,1.5,3.9,0.378,1.3,3,0.429,0.506,0.7,1,0.708,0.2,2.5,2.7,2.8,1,0,1.8,2.2,7.8
SG,22,HOU,18,1,11.2,1.8,4,0.458,0.9,2.3,0.415,0.9,1.7,0.516,0.576,0.9,1.7,0.548,0.2,1.8,2,1.3,0.3,0,1.2,1,5.6
SF,23,NOP,28,28,34.8,8.2,17.5,0.466,2.5,6.3,0.4,5.7,11.3,0.503,0.538,4.7,5.4,0.874,0.6,4.8,5.4,4.8,0.6,0.9,2.5,1.8,23.6
PF,28,CLE,19,18,33.4,3.7,7.6,0.483,1.3,3.3,0.381,2.4,4.3,0.561,0.566,0.6,1.1,0.571,1.4,5.4,6.8,3.2,1.9,0.5,1.5,2.2,9.3
SF,25,TOT,69,13,19.9,3.3,6.9,0.481,0.4,1.1,0.385,2.9,5.7,0.5,0.513,1.3,1.6,0.784,0.6,2.7,3.2,1.9,0.6,0.1,1.4,2,8.3
PF,25,GSW,29,29,32.2,6.7,14.4,0.468,1.9,5.2,0.373,4.8,9.2,0.521,0.535,2.3,3.4,0.67,1,3.7,4.8,2.1,0.7,1.3,1.8,2.4,17.7
SF,32,GSW,65,1,26.6,2.7,5.7,0.478,0.8,2.4,0.351,1.9,3.3,0.57,0.552,0.8,1.3,0.614,0.8,3.2,4,3.4,1.1,0.3,1.2,1.6,7
PF,26,TOR,79,0,25.6,2.6,6.2,0.414,1.3,3.7,0.362,1.2,2.5,0.49,0.521,0.4,0.4,0.853,1,3.4,4.3,1.2,0.7,0.4,0.8,1.6,6.9
SF,31,CLE,76,76,35.6,9.7,18.6,0.52,1.1,3.7,0.309,8.6,14.9,0.573,0.551,4.7,6.5,0.731,1.5,6,7.4,6.8,1.4,0.6,3.3,1.9,25.3
SF,35,CHI,31,30,22.7,2.5,6.1,0.41,1.3,3.2,0.394,1.2,2.9,0.427,0.513,0.9,1.2,0.784,0.3,2.4,2.7,1.3,0.5,0.3,0.8,2.1,7.2
SF,23,ORL,79,71,32.5,5.4,11.8,0.462,2,4.9,0.4,3.5,6.8,0.506,0.546,2.5,3,0.836,0.4,2.4,2.8,2.7,1.2,0,1.7,2.7,15.4
SF,30,ORL,20,19,21.9,2.6,5.2,0.495,0.9,1.9,0.447,1.7,3.3,0.523,0.578,1.3,1.6,0.839,1.2,2.6,3.8,1.4,1,0.3,1,2.2,7.3
PF,20,BRK,24,4,15.1,1.8,4.5,0.404,0.5,1.4,0.382,1.3,3.1,0.413,0.463,0.5,1,0.478,1,1.8,2.8,0.4,1.2,0.5,0.6,1.6,4.7
SG,29,LAL,67,35,28.5,4.2,10.3,0.408,1.6,4.8,0.344,2.6,5.6,0.464,0.488,5.3,6.3,0.83,0.5,2.1,2.5,2.5,0.9,0.3,1.6,1.6,15.3
PF,23,NOP,3,0,3.3,0,1,0,0,0.3,0,0,0.7,0,0,0,0,0,0.3,1,1.3,0.3,0,0,0,0,0
PF,20,UTA,80,33,17.3,2.4,5.5,0.438,0.6,1.6,0.383,1.8,3.9,0.461,0.494,0.7,1,0.695,0.7,3,3.7,0.7,0.3,0.2,0.8,1.4,6.1
C,22,OKC,80,80,25.2,3.3,5.3,0.613,0,0,0,3.3,5.3,0.613,0.613,1.4,2.5,0.582,2.7,3.9,6.7,0.8,0.5,1.1,1.1,2.8,8
C,26,GSW,46,13,16.7,2.7,5,0.548,0,0,0,2.7,5,0.548,0.548,1.5,2.9,0.53,2,3.6,5.6,0.7,0.4,1.1,0.8,2,7
SG,24,WAS,20,4,16.1,1.9,4.8,0.389,1.5,3.8,0.382,0.4,1,0.421,0.542,1.9,2.1,0.902,0.4,1.1,1.5,0.5,0.9,0.2,0.2,1.6,7
PF,25,MIN,18,0,10.7,1,1.8,0.563,0,0,0,1,1.8,0.563,0.563,0.4,0.9,0.412,0.7,1.7,2.3,0.3,0.2,0.1,0.4,1.6,2.4
SF,22,DAL,4,0,3.3,0.5,1.3,0.4,0,0,0,0.5,1.3,0.4,0.4,0.5,1,0.5,0.5,0.3,0.8,0,0,0.3,0,0.5,1.5
PG,19,DET,7,7,21.1,1.9,6.7,0.277,0.7,2.9,0.25,1.1,3.9,0.296,0.33,0.1,0.3,0.5,0.1,1,1.1,3.6,0.3,0,2.4,2.1,4.6
PG,26,BOS,17,17,32.3,4.4,11.1,0.394,1.6,5.3,0.311,2.7,5.8,0.469,0.468,2.7,3.6,0.742,0.4,2.4,2.8,6.1,1.8,0.5,1.8,2.3,13.1
SF,27,TOT,66,2,14.1,1.6,3.6,0.435,0.4,1.3,0.279,1.2,2.3,0.523,0.485,0.6,0.8,0.696,0.7,1.6,2.3,1,0.5,0.2,0.7,0.9,4.1
C,25,WAS,1,0,6,0,1,0,0,1,0,0,0,0,0,0,0,0,1,0,1,1,0,0,5,2,0
PF,26,CLE,15,6,24.9,3.1,8,0.383,1.7,3.9,0.431,1.4,4.1,0.339,0.488,1.4,1.7,0.808,0.7,3.6,4.3,2.6,0.7,0.7,1.3,1.9,9.2
SF,22,MIL,10,0,8.2,1.7,3.7,0.459,0.8,1.6,0.5,0.9,2.1,0.429,0.568,0.9,1,0.9,0.1,1.4,1.5,0,0.4,0.2,1,0.9,5.1
PF,26,OKC,78,78,32.1,5.3,11.1,0.479,0.8,2.4,0.326,4.6,8.8,0.52,0.513,1.2,1.6,0.752,1.8,5,6.8,0.8,0.5,1.9,1.4,2.7,12.6
PF,32,TOT,70,32,17.1,2.2,5,0.438,1.3,3.4,0.387,0.9,1.6,0.545,0.569,0.4,0.5,0.857,0.5,2.8,3.3,1,0.4,0.4,0.6,1.8,6.1
PF,33,NYK,29,0,7,0.7,1.8,0.358,0,0,0,0.7,1.8,0.358,0.358,0.5,0.9,0.519,0.8,0.9,1.7,0.4,0.2,0.2,0.5,1.5,1.8
PF,35,TOR,76,76,21.5,3.5,7.9,0.45,0.9,2.1,0.404,2.7,5.8,0.467,0.504,0.8,1.1,0.726,1.1,3.6,4.7,0.9,0.6,0.4,0.9,2.3,8.7
PF,33,WAS,57,11,19.2,3.7,6.7,0.544,0,0.1,0,3.7,6.7,0.549,0.544,1.9,3.2,0.578,0.9,3.6,4.5,1.7,0.9,0.5,1.3,2.7,9.2
PF,31,SAS,25,25,33.4,6.6,13.4,0.488,0.6,1.9,0.333,5.9,11.5,0.514,0.512,6,6.8,0.893,0.8,4.2,5,6.9,0.8,0.3,1.6,1.8,19.8
C,23,TOR,60,59,26,5.1,8.9,0.565,0,0,0,5.1,8.9,0.565,0.565,2.7,3.6,0.761,3.1,6.1,9.1,0.7,0.4,1.3,1.4,2.6,12.8
C,29,LAL,81,81,23.2,2.2,5.1,0.443,0,0,0,2.2,5,0.445,0.443,1.4,1.8,0.807,1.6,3.3,4.9,1.2,0.4,1.4,0.9,3.1,5.9
SG,24,TOT,43,3,11.2,1.7,3.7,0.444,0.4,1.2,0.314,1.3,2.5,0.505,0.494,0.5,0.6,0.833,0.2,1.1,1.3,0.8,0.2,0,0.6,0.5,4.1
PG,32,TOT,20,0,22.3,5,11.7,0.427,0.8,2.4,0.333,4.2,9.3,0.452,0.462,2.7,3.2,0.841,0.4,1.8,2.2,4,1.2,0.4,1.9,1.1,13.5
C,30,MIN,12,3,13,1.6,4.2,0.38,0,0,0,1.6,4.2,0.38,0.38,1.3,1.7,0.8,0.6,1.2,1.8,0.9,0.1,0,0.8,1.8,4.5
SG,30,TOT,79,65,29.5,3.7,8.1,0.454,1,2.7,0.378,2.6,5.3,0.493,0.518,1.3,1.5,0.839,0.4,2.2,2.6,1.7,1.1,0.4,0.9,1.7,9.6
SG,19,MIL,70,6,14.3,1.2,3.8,0.305,0.6,2.1,0.293,0.5,1.7,0.319,0.385,0.2,0.2,0.8,0.2,1.1,1.3,0.6,0.4,0.2,0.4,1,3.1
PG,24,BRK,26,13,19.2,2.7,4.9,0.555,0.2,0.8,0.182,2.6,4.1,0.632,0.57,0.8,1.1,0.69,1.3,3.1,4.4,1,0.7,0.4,0.8,1.8,6.4
PF,24,MIL,10,0,9.4,1.4,3.7,0.378,0.8,2.3,0.348,0.6,1.4,0.429,0.486,0.1,0.2,0.5,0.3,1.9,2.2,0.3,0.1,0.3,0.4,1.2,3.7
PG,32,LAC,20,20,24.2,2.7,6.2,0.435,1.8,4,0.443,1,2.3,0.422,0.577,1.1,1.5,0.759,1,3.2,4.2,2.2,1,0.8,0.8,3.4,8.3
SF,26,TOR,19,0,13.7,1.7,2.8,0.611,0.4,0.7,0.5,1.4,2.1,0.65,0.676,0.3,0.6,0.545,0.4,1.2,1.6,1.6,0.6,0.3,0.6,1.3,4.2
PF,30,GSW,24,24,29,2,5.4,0.362,0.3,1.8,0.186,1.6,3.6,0.448,0.392,1,1.4,0.676,0.6,5,5.6,8.3,1.4,0.6,2.6,3.1,5.2
SF,21,WAS,13,0,15.8,1.7,4.8,0.355,0.8,2.8,0.306,0.8,2,0.423,0.444,0.5,0.9,0.583,0.6,2.8,3.5,1,0.2,0.2,0.9,1.8,4.8
PF,20,NYK,72,72,28.4,5.2,12.3,0.421,1.1,3.4,0.333,4.1,8.9,0.454,0.467,2.8,3.3,0.838,1.8,5.5,7.3,1.3,0.7,1.9,1.7,2.8,14.3
SG,30,LAC,27,14,20.8,3.1,7.4,0.427,1.2,3.4,0.348,2,4,0.495,0.508,1.1,1.4,0.744,0.3,2.4,2.7,3.3,0.7,0.1,1,1.9,8.6
PF,23,GSW,2,0,13.5,2.5,7,0.357,0.5,2.5,0.2,2,4.5,0.444,0.393,1,2,0.5,1.5,5,6.5,1,0,1,1,1.5,6.5
SG,28,TOT,20,20,32,7,17.5,0.401,2.4,7.3,0.329,4.6,10.2,0.453,0.47,2.7,3.7,0.74,0.2,5,5.2,4.6,1.4,0.4,2.2,2.4,19.1
C,35,SAS,18,18,26.7,5.9,12.5,0.476,1.3,3.7,0.358,4.6,8.8,0.525,0.529,0.9,1.2,0.762,0.8,3.5,4.3,1.9,0.4,0.9,0.9,1.5,14.1
PG,25,DEN,27,3,26,4.1,8.5,0.489,1.3,3.2,0.391,2.9,5.3,0.549,0.563,1.2,1.7,0.702,0.3,1.9,2.1,3.3,0.7,0.3,0.6,0.8,10.8
SF,25,POR,82,82,28.5,3.6,8.8,0.416,1.5,4.3,0.361,2.1,4.5,0.468,0.503,1.4,1.9,0.737,1.2,4.9,6.1,1.7,0.9,0.6,1.5,2.1,10.2
PF,21,MIA,28,2,14.6,2.6,4.4,0.59,0,0,0,2.6,4.4,0.59,0.59,1.3,2.4,0.561,1.3,2.7,4,0.6,0.4,0.5,1,1.9,6.5
PG,25,DET,79,79,30.7,6.8,15.7,0.434,1.5,4.2,0.353,5.3,11.5,0.464,0.482,3.7,4.3,0.864,0.7,2.5,3.2,6.2,0.7,0.1,2.8,2.4,18.8
C,25,DAL,17,17,29.9,7.8,16.4,0.473,2.2,6.4,0.352,5.5,10.1,0.55,0.541,2.8,3.2,0.855,2.1,6.2,8.2,1.3,0.4,1.6,1.2,3.3,20.5
SG,36,NOP,25,0,18.2,2.5,6.7,0.377,1.7,4.7,0.368,0.8,2,0.4,0.506,1.4,1.4,0.972,0.1,1.4,1.5,1.1,0.3,0.1,0.8,1.2,8.2
C,26,SAC,78,14,19,3,5.7,0.532,0,0,0,3,5.7,0.532,0.532,0.7,1.3,0.548,2.2,3.3,5.4,0.4,0.5,0.9,0.6,2.4,6.8
PG,23,NYK,3,0,9.3,0.7,3.3,0.2,0,1.3,0,0.7,2,0.333,0.2,1.7,2,0.833,0,0.7,0.7,1,1,0,0.3,1.3,3
SG,28,MIL,41,24,26.6,2.9,7.8,0.371,1.3,4,0.321,1.6,3.9,0.421,0.452,0.8,1,0.775,0.3,2.2,2.6,2.9,1.2,0.2,1.8,3.1,7.8
C,22,ORL,13,0,8.7,2.2,4.2,0.519,0.3,1.2,0.267,1.8,3,0.615,0.556,0.2,0.4,0.6,1.2,2.5,3.8,0.3,0.2,0.8,0.3,1.1,4.8
PF,21,SAC,25,25,24.9,5.1,10.8,0.476,1,2.8,0.371,4.1,8,0.513,0.524,1.5,2.9,0.514,2.1,5.3,7.4,0.9,0.5,0.5,1.5,2.5,12.8
PF,30,TOT,53,17,15.8,2.3,5.6,0.41,0.6,2,0.315,1.6,3.5,0.465,0.468,1.3,1.6,0.798,1.1,3,4.1,0.7,0.3,0.4,0.7,1.8,6.5
C,27,MIL,61,14,14.3,2.3,3.8,0.601,0,0,0,2.3,3.8,0.601,0.601,0.6,1,0.576,1.5,2.3,3.8,0.3,0.3,0.8,0.7,1.2,5.1
SG,21,PHI,16,1,13.3,1.7,4.4,0.38,1.3,3.5,0.375,0.4,0.9,0.4,0.528,0.3,0.3,1,0.3,0.9,1.2,0.9,0.4,0.3,0.3,1.3,5
C,21,CHI,16,16,26.6,4.8,8.6,0.551,0.3,0.9,0.267,4.5,7.7,0.585,0.565,3.3,4.5,0.722,2.2,5.6,7.8,2.2,0.7,0.7,1.9,3,13
SG,28,SAS,79,79,26.1,2.7,7.1,0.376,1.5,4.4,0.332,1.2,2.7,0.448,0.48,0.4,0.6,0.739,0.6,3.2,3.8,1.8,1,0.8,0.9,1.8,7.2
PG,19,NOP,17,0,13.1,2.1,5.1,0.402,0.6,1.7,0.379,1.4,3.4,0.414,0.466,0.8,1.2,0.65,0.1,0.8,0.9,1.8,0.6,0.1,0.5,1,5.5
SF,24,MEM,6,0,15.3,1.2,2.5,0.467,0.7,1.8,0.364,0.5,0.7,0.75,0.6,0.7,0.7,1,0.5,0.8,1.3,0.5,0.2,0.2,0.5,0.7,3.7
PF,30,NOP,13,0,10.5,0.6,2.2,0.286,0.5,1.7,0.273,0.2,0.5,0.333,0.393,0.3,0.4,0.8,0.2,1.9,2.1,0.9,0.5,0.1,0.5,1.2,2
SF,25,HOU,28,18,27.3,4,7.3,0.549,0.7,2.1,0.328,3.3,5.2,0.637,0.596,1.2,1.6,0.717,1.6,3.4,5.1,1.8,0.9,0.6,1.2,3,9.9
C,21,MIN,27,13,21.5,4.9,9.3,0.524,1.1,2.7,0.397,3.8,6.6,0.576,0.582,1.7,2.3,0.73,1.3,3.6,4.9,1.3,0.7,1.2,1.1,3.1,12.5
PF,24,IND,1,0,6,2,2,1,0,0,0,2,2,1,1,0,0,0,1,0,1,0,0,0,0,1,4
SG,31,PHO,14,1,16.2,2.3,5.2,0.438,0.4,1.4,0.263,1.9,3.9,0.5,0.473,0.4,0.6,0.75,0.4,1.1,1.4,1.6,0.8,0.1,0.9,1.6,5.4
PF,24,TOR,25,1,14.7,1,2.5,0.403,0.6,1.5,0.405,0.4,1,0.4,0.524,0.4,0.6,0.786,0.6,2,2.5,1.4,0.8,0.3,0.7,1.7,3
SG,26,TOT,31,0,19.9,4,8.7,0.456,1.3,3.7,0.342,2.7,5,0.538,0.528,1.9,2.2,0.896,0.4,1.4,1.8,0.9,0.4,0.1,1,1.2,11.1
PF,23,PHO,10,0,6.8,1,2.4,0.417,0,0,0,1,2.4,0.417,0.417,0.9,1.4,0.643,1.4,2.4,3.8,0.5,0.4,0.5,0.6,1.5,2.9
SG,22,BOS,36,0,8.8,1,2.7,0.367,0.5,1.8,0.302,0.5,1,0.486,0.464,0.2,0.2,0.857,0.1,1,1,0.4,0.4,0.1,0.3,0.8,2.7
SG,22,DET,38,2,10.1,1.4,3.4,0.397,0.5,1.3,0.38,0.9,2.1,0.407,0.469,0.8,1.1,0.725,0.1,1.1,1.2,0.7,0.2,0,0.5,0.7,4
SG,29,DET,8,0,8,1.1,2.4,0.474,0.4,0.9,0.429,0.8,1.5,0.5,0.553,0.4,0.4,1,0.4,0.8,1.1,0.8,0,0.1,0.5,0.5,3
C,25,SAS,27,9,22.2,3,4.9,0.611,0,0,0,3,4.9,0.611,0.611,0.4,1.4,0.316,3,4,7,1.7,0.6,1.5,1.1,2.1,6.4
PG,35,TOT,46,7,13.7,1.1,2.8,0.38,0.5,1.3,0.387,0.5,1.5,0.373,0.473,0.3,0.3,0.938,0.2,1.3,1.5,1.6,0.3,0,0.7,1.4,3
PF,24,GSW,26,2,17.7,3.9,7.7,0.507,0.5,1.4,0.333,3.5,6.3,0.545,0.537,1.7,2.4,0.714,0.9,2.5,3.4,1.3,0.2,0.1,0.8,1.7,10
SF,25,POR,8,0,4.8,0.1,1.1,0.111,0,0.4,0,0.1,0.8,0.167,0.111,0,0,0,0,0,0,0.5,0.3,0,0.4,0.5,0.3
SG,23,WAS,13,3,17,1.7,5.2,0.328,0.7,2.4,0.29,1,2.8,0.361,0.396,1.2,1.3,0.882,0.2,2.4,2.5,1.4,0.5,0.2,0.8,1.6,5.2
PF,22,CHI,23,11,14.3,2.1,3.2,0.671,0,0,0,2.1,3.2,0.671,0.671,1.1,1.6,0.676,1.4,1.9,3.3,0.7,0.5,1.3,0.8,2,5.3
C,28,CHI,6,0,6.3,0.5,0.7,0.75,0,0,0,0.5,0.7,0.75,0.75,0.8,1.3,0.625,1,1,2,0.8,0.3,0,0.5,0.5,1.8
C,27,PHO,20,6,15.8,2.6,5.8,0.452,0.8,2,0.385,1.9,3.8,0.487,0.517,0.7,1.2,0.609,1,3.5,4.5,2,0.2,0.5,0.5,1.6,6.7
SG,22,ATL,28,17,31.8,4.5,10.7,0.423,2.2,5.8,0.385,2.3,5,0.468,0.527,0.7,0.9,0.792,0.7,2.9,3.6,3.8,1.2,0.2,1.3,2.3,12
SG,30,MIA,69,14,22.6,3.3,8.5,0.392,1.2,3.8,0.323,2.1,4.7,0.446,0.463,1,1.3,0.783,0.4,2,2.4,0.8,0.6,0.3,0.7,1.8,8.9
SF,27,OKC,72,72,35.8,9.7,19.2,0.505,2.6,6.7,0.387,7.1,12.5,0.569,0.573,6.2,6.9,0.898,0.6,7.6,8.2,5,1,1.2,3.5,1.9,28.2
SG,28,TOT,61,8,18.2,3.5,8.9,0.399,1.5,4.4,0.337,2,4.5,0.46,0.482,1.1,1.3,0.848,0.6,1.8,2.5,1.4,0.8,0.1,0.8,1.5,9.7
SG,28,SAC,27,27,34.8,5.3,14.1,0.377,3.9,10.4,0.377,1.4,3.7,0.376,0.516,1.5,1.7,0.872,0.4,4.4,4.8,3,0.9,0.3,2,2.7,16.1
PF,32,PHI,36,12,15.8,3.9,6.9,0.556,0.2,0.4,0.462,3.7,6.6,0.561,0.568,1.9,2.5,0.736,1.4,2.7,4.1,0.9,0.3,0.3,0.6,1.9,9.8
PG,29,MIL,23,0,20,2,6,0.326,0.8,3.2,0.247,1.2,2.8,0.415,0.391,1,1.1,0.846,0.2,1.8,2,4,0.4,0,1.7,1.8,5.7
SF,25,TOT,22,5,15,2.5,5.1,0.478,1.2,2.6,0.448,1.3,2.5,0.509,0.593,1.1,1.5,0.735,1,1,1.9,1,0.7,0.2,0.9,1.3,7.2
C,27,NOP,27,27,28.1,3.5,5.8,0.603,0,0,0,3.5,5.7,0.606,0.603,1.1,2.3,0.468,4.3,4.6,8.9,2.1,1,0.6,1.7,1.9,8
PF,28,PHI,26,26,34.5,8,15.4,0.518,1.8,4.2,0.426,6.2,11.2,0.551,0.575,3.1,3.5,0.9,1.3,6.5,7.7,3.1,0.8,0.8,2,2.1,20.8
PF,32,CLE,2,2,23,3,9,0.333,1.5,4.5,0.333,1.5,4.5,0.333,0.417,2,2.5,0.8,1,5,6,2.5,0.5,0,1.5,0.5,9.5
PG,25,MIN,76,76,30.6,2.9,7.7,0.374,0.8,2.5,0.326,2.1,5.2,0.396,0.427,3.5,4.1,0.847,0.5,3.8,4.3,8.7,2.1,0.1,2.5,2.6,10.1
PF,30,TOT,55,7,16,2.3,6.3,0.364,0.7,2.6,0.287,1.6,3.7,0.417,0.423,0.7,1.2,0.552,0.9,2.6,3.5,1.6,0.6,0.9,1.4,2.1,6
PF,26,POR,81,0,20.8,2.5,4.2,0.611,0,0,0,2.5,4.2,0.611,0.611,1.4,2.5,0.559,2.8,4.6,7.4,1.1,0.7,0.9,0.8,2.5,6.5
SF,23,TOR,18,18,34.4,5.1,10.3,0.489,2.4,5.7,0.431,2.6,4.7,0.56,0.608,2,2.7,0.75,1.6,4.3,5.9,1.6,2,0.6,1.7,2.9,14.6
SG,24,POR,80,80,34.8,8,17.9,0.448,2.5,5.9,0.417,5.6,12,0.463,0.517,2.3,2.8,0.827,0.6,2.7,3.2,4.3,1.2,0.3,2.5,2.3,20.8
SF,29,TOT,80,41,28.2,4.4,10.3,0.43,0.8,2.7,0.315,3.6,7.6,0.47,0.47,2.1,2.8,0.745,0.9,3.2,4.2,1.7,0.7,0.5,1.2,2.1,11.7
SG,27,BOS,81,12,28,4.2,9.3,0.456,0.2,1,0.241,4,8.3,0.482,0.469,1.8,2.2,0.827,0.6,4.3,4.9,4.4,1,0.3,2.1,1.7,10.5
SF,24,NYK,80,9,17.9,3.2,7.1,0.45,0.6,1.9,0.293,2.6,5.2,0.506,0.488,2.4,3.2,0.758,0.6,3.1,3.7,0.9,0.4,0.1,0.8,0.9,9.3
SF,33,UTA,25,8,26.6,4.1,7.9,0.518,2.4,5.3,0.451,1.7,2.6,0.656,0.67,1.2,1.4,0.882,0.4,3,3.5,4.7,0.4,0.2,1.6,1.7,11.8
C,27,BRK,3,0,9.3,1,2.3,0.429,0,0,0,1,2.3,0.429,0.429,0,0,0,1,1.3,2.3,0,0,1,1,3,2
C,26,NYK,25,3,19,1.8,3.1,0.564,0,0.1,0,1.8,3,0.579,0.564,0.5,0.9,0.545,1.7,3.6,5.3,0.5,0.9,1.9,0.9,2.2,4
C,26,UTA,12,0,6.8,0.9,2.1,0.44,0,0.2,0,0.9,1.9,0.478,0.44,0.2,0.2,1,0.5,0.8,1.3,0.2,0.1,0.2,0.7,1.6,2
SF,20,TOR,6,1,7.2,0.2,2,0.083,0.2,1.2,0.143,0,0.8,0,0.125,0,0,0,0.2,0.2,0.3,0.2,0.3,0.2,0.7,0.3,0.5
PF,30,SAS,74,74,30.6,7.2,14.1,0.513,0,0.2,0,7.2,13.9,0.521,0.513,3.5,4.1,0.858,2.4,6.2,8.5,1.5,0.5,1.1,1.3,2,18
PG,26,ORL,4,1,19.8,2.3,6,0.375,0.5,1.3,0.4,1.8,4.8,0.368,0.417,1.3,1.8,0.714,0.8,2.3,3,3,0,0,1.3,1.8,6.3
C,23,WAS,10,10,27.1,5.9,9.1,0.648,0.9,2.1,0.429,5,7,0.714,0.698,1.6,2.4,0.667,1.8,4.3,6.1,1.5,0.4,0.8,1.1,3.1,14.3
SG,23,TOR,22,2,13.8,2.5,5.8,0.438,1.3,3.3,0.384,1.3,2.5,0.509,0.547,0.4,0.5,0.9,0.3,1.4,1.6,0.9,0.5,0.1,0.9,1.7,6.8
PG,25,POR,75,75,35.7,8.2,19.7,0.419,3.1,8.1,0.375,5.2,11.5,0.45,0.497,5.5,6.2,0.892,0.6,3.4,4,6.8,0.9,0.4,3.2,2.2,25.1
PF,28,WAS,23,3,25.8,3.3,8.8,0.381,3,7.8,0.378,0.4,1,0.409,0.55,1.9,2.3,0.827,0.4,2.7,3.1,1,0.7,0.3,0.6,2.5,11.5
SF,24,IND,59,3,14.7,1.6,3.5,0.447,0.4,1.3,0.324,1.2,2.3,0.515,0.505,0.6,0.7,0.857,0.7,2.2,2.8,1,0.6,0.2,0.6,1.2,4.2
SG,32,TOT,55,13,19.9,2.8,7.6,0.372,0.9,2.5,0.36,1.9,5.1,0.378,0.431,2.8,3.1,0.89,0.3,1.7,2,1.1,0.5,0.1,1,1.5,9.3
PG,29,TOT,61,7,22.5,3,7.3,0.41,0.8,2.4,0.309,2.2,4.8,0.461,0.462,3.6,4.3,0.832,0.4,2.2,2.6,3.8,1.4,0.2,1.8,3,10.3
SF,21,ATL,24,19,28.8,3.8,10.1,0.376,1.3,4.9,0.265,2.5,5.2,0.48,0.44,2.6,3.2,0.805,0.8,3.2,4,1.4,1.1,0.3,1.3,2.7,11.5
C,25,ORL,65,60,31.3,8.2,16.1,0.51,0,0.1,0.222,8.2,16,0.512,0.511,1.7,2.3,0.753,2.7,6.2,8.9,2.8,0.8,1.1,1.9,2.7,18.2
PG,22,PHI,8,3,18,2.8,8.1,0.338,0.4,2.1,0.176,2.4,6,0.396,0.362,2.5,4.6,0.541,0.3,2.4,2.6,2.5,0.4,0,3.6,1.4,8.4
PF,27,DEN,70,16,21.7,3.2,7,0.452,0.6,1.7,0.385,2.5,5.3,0.473,0.498,0.6,0.8,0.755,1.2,3,4.2,1.4,0.8,0.7,0.9,2.6,7.5
C,28,LAC,17,0,6.3,0.7,1.4,0.522,0,0.1,0,0.7,1.3,0.545,0.522,0.4,0.4,1,0.2,1.1,1.3,0.3,0,0.2,0.4,1.1,1.8
C,29,DAL,34,6,11.7,1.4,2.3,0.628,0,0,0,1.4,2.3,0.636,0.628,0.8,1.4,0.587,1.2,2.4,3.6,0.3,0.2,1.1,0.7,1.6,3.7
PG,24,MEM,24,8,23.5,3.3,8,0.406,0.7,2.8,0.25,2.5,5.2,0.492,0.451,0.5,0.6,0.8,0.6,2.1,2.8,5.3,1.3,0.1,1,0.5,7.7
SG,20,NYK,30,30,33.7,6.2,14.6,0.428,1,3.4,0.304,5.2,11.2,0.466,0.463,3,4,0.742,1.3,4.9,6.2,3.1,0.7,0.2,1.9,2.5,16.5
C,27,WAS,13,4,16.6,3.2,5,0.646,0.2,1,0.231,3,4,0.75,0.669,1.3,2.2,0.607,1.2,3.4,4.5,1.4,0.5,1.2,1.2,2.2,8
SF,22,SAS,78,11,16,1.8,3.8,0.468,0.2,0.5,0.324,1.6,3.3,0.488,0.488,0.8,1.1,0.747,0.3,2.8,3.1,1.6,0.8,0.4,0.8,1.2,4.5
PF,20,OKC,28,28,31.1,4.5,11.5,0.393,1.5,5.3,0.286,3,6.3,0.483,0.458,1.6,2.1,0.767,0.5,6.9,7.4,1.8,0.5,0.7,1.8,1,12.2
PG,25,WAS,77,77,36.2,7.4,17.5,0.424,1.5,4.3,0.351,5.9,13.3,0.448,0.467,3.5,4.5,0.791,0.5,4.4,4.9,10.2,1.9,0.8,4.1,2.1,19.9
C,33,DET,19,0,5.1,0.3,0.5,0.6,0,0,0,0.3,0.5,0.6,0.6,0.3,0.4,0.75,0.4,0.7,1.1,0.1,0.1,0.6,0.1,0.8,0.9
PG,24,PHI,30,6,13.3,1.4,3.9,0.364,0.5,1.6,0.327,0.9,2.3,0.391,0.432,0.3,0.4,0.692,0.1,0.9,0.9,2.4,0.5,0.1,1.4,1,3.7
PF,23,CHI,14,14,30.4,6.8,13.2,0.514,2.9,7.2,0.396,3.9,6,0.655,0.622,2.7,3.2,0.844,0.6,5.5,6.1,0.9,0.6,0.4,1.7,2.2,19.1
SG,30,CLE,77,77,30.7,4.6,11,0.415,2.6,6.6,0.4,1.9,4.4,0.438,0.535,0.6,0.9,0.634,0.6,2.3,2.8,1.7,1.1,0.3,0.8,2.6,12.4
SG,24,MIL,79,79,36.1,6.4,14.5,0.444,1.8,4.6,0.396,4.6,9.9,0.466,0.507,3.5,3.9,0.888,0.6,3.3,3.8,4.2,1.7,0.2,2.3,2.6,18.2
PF,28,TOR,57,32,16.2,2,4.2,0.475,0.4,1.2,0.303,1.6,3.1,0.54,0.517,0.7,1.2,0.574,0.5,1.7,2.2,1.2,0.5,0.6,0.9,1.5,5
SG,20,PHI,28,6,16.9,3.7,8.1,0.456,0.5,1.9,0.278,3.1,6.1,0.512,0.489,0.8,0.9,0.88,0.2,1.7,1.9,1.7,0.5,0.1,0.6,1.2,8.7
SF,23,BOS,3,0,2,0.7,1.3,0.5,0.7,0.7,1,0,0.7,0,0.75,0,0,0,0,0.3,0.3,0,0,0,0.3,0,2
SF,24,NYK,17,2,9.1,0.7,2.4,0.3,0.2,0.9,0.267,0.5,1.5,0.32,0.35,0.2,0.2,0.75,0.2,1.3,1.5,0.4,0.1,0.2,0.5,0.9,1.8
C,27,LAC,77,77,33.7,4.6,6.6,0.703,0,0,0,4.6,6.6,0.704,0.703,3.5,8,0.43,3.5,10.3,13.8,1.2,0.7,2.3,1.4,2.7,12.7
SF,27,IND,4,4,29.3,6.8,12.8,0.529,0,1.8,0,6.8,11,0.614,0.529,2,2.5,0.8,0.5,3,3.5,1.3,0.5,0,1,4,15.5
PF,32,BRK,19,18,35.7,9.9,18.9,0.524,2.6,5.9,0.434,7.3,12.9,0.565,0.592,6.6,7.6,0.869,0.4,6.9,7.3,5.3,0.7,1.4,3.5,2.3,29
PG,20,IND,3,0,3,0.3,1.3,0.25,0,0.3,0,0.3,1,0.333,0.25,1,1,1,0.3,1,1.3,0.7,0,0,0,0,1.7
SF,24,SAS,72,72,33.1,7.7,15.1,0.506,1.8,4,0.443,5.9,11.1,0.528,0.565,4.1,4.6,0.874,1.3,5.5,6.8,2.6,1.8,1,1.5,1.8,21.2
SG,29,CHI,16,0,20,2.3,4.6,0.493,0.7,1.6,0.44,1.6,3,0.521,0.568,1.2,1.3,0.905,0.3,2.4,2.7,4.9,0.6,0.2,1.5,1.3,6.4
PF,19,GSW,5,0,4.2,0.8,1.4,0.571,0.2,0.4,0.5,0.6,1,0.6,0.643,0,0,0,0.8,1.2,2,0,0,0,0.2,0.4,1.8
SG,34,LAL,22,1,20.4,1.6,4.1,0.4,1.3,3.3,0.384,0.4,0.8,0.471,0.556,0.5,0.7,0.8,0.4,1,1.4,1.1,0.5,0.4,0.4,1.5,5.1
PG,29,WAS,82,5,20.3,3.4,7.2,0.473,0.4,1.4,0.324,3,5.9,0.507,0.503,2.6,3.5,0.756,0.3,2.2,2.5,2.9,0.6,0.1,1.4,1.2,9.9
C,29,ORL,76,2,15.5,3.2,6.6,0.485,0.1,0.2,0.25,3.2,6.4,0.493,0.489,0.7,0.9,0.806,0.7,2.2,2.9,0.8,0.4,0.9,0.8,2.1,7.2
PF,28,MIA,42,1,14.2,1.3,3.5,0.372,0.3,1.2,0.245,1,2.4,0.434,0.412,0.7,1,0.7,0.5,2,2.5,1.9,0.4,0.2,0.7,1.6,3.6
SF,20,OKC,7,0,7.3,0.6,2.6,0.222,0.1,1.1,0.125,0.4,1.4,0.3,0.25,0.4,1,0.429,0.1,1.1,1.3,1,0,0,0.6,1,1.7
PG,27,TOT,77,53,29.1,5.2,12.6,0.411,0.7,2.2,0.329,4.4,10.4,0.428,0.44,1.6,2.3,0.693,0.6,3.4,4,6.5,1.1,0.3,2.3,1.7,12.6
C,23,OKC,82,1,21,5,8.8,0.576,0.1,0.3,0.476,4.9,8.5,0.579,0.583,2.4,3.1,0.797,3,5.1,8.1,0.4,0.3,0.4,1.4,2,12.7
SG,26,SAC,51,15,14.1,1.3,3.5,0.376,0.5,1.7,0.267,0.9,1.8,0.478,0.441,0.4,0.6,0.759,0.3,1.4,1.7,0.8,0.4,0.3,0.8,1.1,3.5
PG,26,CHI,11,0,9.7,0.8,2.2,0.375,0.5,1.5,0.375,0.3,0.7,0.375,0.5,0.4,0.5,0.8,0.1,1.9,2,1.5,0.3,0,0.2,0.9,2.5
SF,22,HOU,37,1,6.4,0.8,1.9,0.403,0.2,0.7,0.28,0.6,1.3,0.468,0.451,0.6,0.8,0.8,0.4,0.7,1.1,0.3,0.2,0.2,0.5,0.8,2.4
SG,22,PHI,7,0,3.4,0,0.4,0,0,0.4,0,0,0,0,0,0,0,0,0,0.1,0.1,0.3,0,0,0.1,0.4,0
C,21,PHI,67,62,29.3,4.6,8.8,0.521,0,0,0.5,4.6,8.7,0.521,0.522,2,3.4,0.59,2.3,5.8,8.1,1.8,1.8,1.5,2.4,2.9,11.1
C,26,LAL,25,1,12.8,1.2,3,0.413,0,0,0,1.2,3,0.413,0.413,1,1.5,0.658,1.3,1.6,2.9,0.6,0.2,0.4,0.5,1.7,3.5
SG,20,DET,4,0,1.3,0,0.5,0,0,0.5,0,0,0,0,0,0,0,0,0,0,0,0.3,0,0,0,0,0
PF,22,MIL,66,4,13,1.3,3.2,0.411,0,0,1,1.3,3.2,0.409,0.414,0.4,0.6,0.675,1,1.7,2.7,0.5,0.3,0.1,0.5,1.5,3
PF,26,TOT,64,45,25.5,4.8,11.2,0.425,0.7,2.4,0.303,4,8.8,0.458,0.458,1.7,2.3,0.735,1.1,4.4,5.5,1.9,0.9,0.5,2.1,2.9,12
PG,27,CHI,66,66,31.8,6.8,15.9,0.427,0.7,2.3,0.293,6.1,13.6,0.449,0.448,2.2,2.7,0.793,0.7,2.7,3.4,4.7,0.7,0.2,2.7,1.3,16.4
PG,24,MIA,18,5,16.2,2.3,6.4,0.353,0.9,3.9,0.239,1.3,2.5,0.533,0.427,0.8,0.9,0.882,0.2,1,1.2,1.5,0.4,0.1,1,2,6.3
SF,23,ATL,18,18,32.2,6,11.7,0.514,1.7,4.6,0.366,4.3,7.1,0.609,0.586,3.6,4.1,0.877,0.9,4.5,5.4,2.2,0.9,0.5,1.4,2.6,17.2
SG,28,HOU,11,11,30.9,6.9,17.9,0.386,2.1,7,0.299,4.8,10.9,0.442,0.444,2.5,3.3,0.75,0.3,4.5,4.8,4.9,1.1,0.5,2.4,2.3,18.4
SF,27,MIA,10,3,10.9,0.4,1,0.4,0.4,0.8,0.5,0,0.2,0,0.6,0,0.2,0,0.1,0.8,0.9,0.7,0.2,0.3,0.2,1.2,1.2
SG,27,MIL,52,18,28.9,3.6,8.4,0.423,1.9,4.4,0.437,1.6,4,0.408,0.539,1.3,1.7,0.778,0.4,2.3,2.7,3.1,0.9,0.2,1.4,2.1,10.4
C,22,CHO,81,3,21.1,2.7,6.5,0.41,0.8,2.5,0.337,1.8,4,0.455,0.474,1.3,1.8,0.73,0.9,3.3,4.1,1.2,0.5,0.5,0.7,1.6,7.5
PG,23,NOP,25,25,30.9,5.2,12.2,0.424,2.9,7.6,0.381,2.3,4.6,0.496,0.543,0.8,1.1,0.741,0.6,3.7,4.3,4.7,1.2,0.5,2,2.5,14
PG,29,MIA,72,72,32.8,5.8,12.2,0.477,0.9,2.8,0.312,4.9,9.3,0.527,0.513,1.7,2.3,0.727,0.8,3.1,3.8,5.8,1,0.2,2.6,2.6,14.1
PF,29,DAL,17,11,25.6,2.2,5.1,0.43,1.7,3.8,0.453,0.5,1.3,0.364,0.599,1,1.1,0.944,0.9,4.4,5.4,1.5,0.4,0.8,0.6,2.4,7.1
C,20,PHI,53,48,30,7.5,14.7,0.508,0,0.1,0.167,7.5,14.6,0.511,0.509,2.5,3.7,0.686,2.3,4.7,7,1.2,0.4,1.2,2.3,2.6,17.5
SG,26,BRK,12,4,27.8,7.3,16.7,0.435,1.8,5.3,0.349,5.4,11.4,0.474,0.49,2.2,2.8,0.765,0.8,3.5,4.3,6,1.1,0.5,2.2,1.7,18.5
SG,22,POR,26,13,30.2,5.5,12.5,0.44,3.2,7.2,0.447,2.3,5.3,0.431,0.569,1.1,1.4,0.784,0.5,1.6,2.1,1.4,0.7,0.2,0.7,1.5,15.3
PF,27,UTA,29,0,13.1,1.8,4.7,0.39,1,3.2,0.323,0.8,1.5,0.535,0.5,0.2,0.2,1,0.3,1.9,2.2,0.8,0.4,0.1,0.7,1.5,4.9
PF,26,PHO,10,0,18.1,3.5,8,0.438,1.1,3.5,0.314,2.4,4.5,0.533,0.506,2.3,2.4,0.958,0.7,3.3,4,1.2,1,0.2,1.4,2,10.4
PG,31,DAL,74,16,22.5,4.3,9.6,0.446,1.4,3.5,0.385,2.9,6.1,0.481,0.516,1,1.3,0.771,0.4,1.7,2.1,4.1,0.4,0,1.5,1.5,10.9
C,31,MIN,19,7,13.9,0.9,2.3,0.419,0,0,0,0.9,2.3,0.419,0.419,0.4,0.4,0.875,2,3.1,5.1,1,0.5,0.5,0.3,2.6,2.3
C,29,ATL,82,82,32.1,6.5,12.8,0.505,1.1,3.1,0.344,5.4,9.7,0.557,0.547,1.3,1.6,0.798,1.8,5.5,7.3,3.2,0.8,1.5,1.3,2,15.2
SG,24,DEN,17,0,19.4,2.6,5.5,0.468,0.9,2.2,0.405,1.7,3.4,0.509,0.548,1.1,1.5,0.72,0.9,3.2,4.1,1.4,0.5,0.6,0.8,1.7,7.1
C,21,OKC,7,0,4.4,1,1.4,0.7,0,0,0,1,1.4,0.7,0.7,1,2,0.5,0.6,1.6,2.1,0.4,0.1,0.6,0.1,0.6,3
C,32,BRK,28,22,21.6,3.2,4,0.788,0,0,0,3.2,4,0.788,0.788,0.8,1.5,0.548,1.8,5.3,7,1.9,0.3,1.4,1.7,2.1,7.2
SF,21,HOU,3,0,2,0,0,0,0,0,0,0,0,0,0,0,0,0,0,0.3,0.3,0,0.3,0,0,0,0
SF,26,DET,28,28,36.3,7.9,17.8,0.443,2.6,6.6,0.387,5.3,11.2,0.476,0.515,5.4,6.1,0.883,0.8,4.4,5.3,2.9,0.8,1.2,1.7,2.8,23.8
SF,19,DET,73,6,23.1,3.1,8.2,0.375,0.9,2.8,0.307,2.2,5.4,0.41,0.428,1.1,1.4,0.784,0.8,3.4,4.2,1.6,0.8,0.2,1.6,2.4,8.1
PG,27,HOU,8,0,6.3,1.1,2.5,0.45,0.1,1.1,0.111,1,1.4,0.727,0.475,0.4,0.5,0.75,0.1,0.1,0.3,0.5,0.8,0.3,0.9,0.5,2.8
SF,27,HOU,20,0,18.2,5.4,10.3,0.522,0.2,0.5,0.333,5.2,9.8,0.531,0.529,1.9,2.5,0.776,1.5,3.5,4.9,0.8,0.6,0.5,1.2,2,12.8
SG,19,MIN,29,12,28.2,5.4,14.2,0.383,1.8,5.7,0.319,3.6,8.5,0.427,0.448,1.9,2.3,0.806,0.6,3.1,3.7,2.4,0.7,0.3,1.6,1.5,14.6
SG,22,MEM,20,2,22.8,3.8,7.8,0.484,2.1,4.3,0.482,1.7,3.5,0.486,0.616,0.7,0.9,0.824,0.5,2.2,2.7,1.6,0.7,0.2,1.2,1.9,10.3
SG,22,SAS,25,22,26.6,4,10,0.406,1.6,4.4,0.355,2.5,5.6,0.446,0.484,1.1,1.4,0.8,0.2,2.7,2.9,1.7,0.5,0.4,1,2.1,10.8
SG,31,TOT,24,24,37.6,7.6,15.8,0.482,3,7.9,0.384,4.6,7.9,0.579,0.578,6.2,6.9,0.897,0.8,6.5,7.3,11.3,1,0.8,4.3,2.3,24.5
C,30,ORL,29,29,33.6,9.3,19.6,0.476,2.6,6.2,0.414,6.8,13.4,0.505,0.542,2.1,2.6,0.816,2.1,9.5,11.6,3.4,1.1,0.6,1.7,1.7,23.4
C,29,NOP,68,64,17.3,1.5,2.9,0.533,0,0,0,1.5,2.9,0.533,0.533,0.9,1.6,0.545,1.8,4.3,6.1,0.4,0.3,0.3,0.9,1.8,4
SG,20,CLE,24,24,33,2.8,7.1,0.388,0.7,2.7,0.25,2.1,4.4,0.472,0.435,1.3,1.9,0.674,0.9,1.5,2.4,1.9,1.1,0.4,1.4,2.9,7.5
PG,34,ATL,14,2,15.3,1.4,3.9,0.345,0.6,1.9,0.308,0.8,2.1,0.379,0.418,0.1,0.1,0.5,0.3,2,2.3,3.9,0.6,0.1,1.4,0.9,3.4
C,22,POR,22,0,11.8,1.2,2.8,0.419,0.1,0.4,0.375,1,2.5,0.426,0.444,0.6,0.8,0.722,1.1,3.8,4.9,0.9,0.2,0.4,0.7,2,3.1
C,22,SAC,66,39,21.4,2.9,5.1,0.563,0,0,0,2.9,5.1,0.567,0.563,1.2,1.9,0.648,2,3.3,5.3,0.6,0.7,1,0.7,2.2,7
PG,29,TOR,77,77,37,6.6,15.6,0.427,2.8,7.1,0.388,3.9,8.5,0.461,0.516,5.2,6.4,0.811,0.7,4,4.7,6.4,2.1,0.4,2.9,2.7,21.2
C,22,TOT,28,10,26.2,4.4,6.8,0.642,0,0.1,0.25,4.3,6.6,0.651,0.645,3.6,4.7,0.758,2.9,6.1,9,1.6,0.5,1.6,1.5,1.6,12.3
SG,28,POR,72,0,19.9,3.2,7.3,0.439,0.7,1.9,0.353,2.6,5.5,0.468,0.484,1.6,2,0.767,0.4,2.5,2.9,1,0.5,0.3,0.9,1.2,8.7
SG,26,CHI,67,67,36.9,7,15.4,0.454,1,3.1,0.312,6.1,12.4,0.489,0.485,5.9,7.1,0.832,1.2,4.2,5.3,4.8,1.6,0.6,2,1.9,20.9
C,23,SAC,11,0,6.5,1.4,2.7,0.5,0.1,0.3,0.333,1.3,2.5,0.519,0.517,0.5,0.8,0.667,1,1.1,2.1,0.5,0.3,0.5,0.5,0.9,3.4
C,26,BOS,60,3,11.8,2.3,4.8,0.476,0,0,0,2.3,4.8,0.476,0.476,1.5,1.8,0.815,1,1.9,3,0.5,0.2,0.4,0.8,1.6,6.1
PG,30,BOS,13,13,28,5.5,15,0.364,2.6,7.3,0.358,2.8,7.7,0.37,0.451,2.8,3.2,0.902,0.5,3.2,3.7,4,1.1,0.2,2.2,1.3,16.4
SG,33,DET,21,18,22.9,3.7,8,0.456,2.7,6.2,0.438,1,1.9,0.513,0.624,0.6,0.8,0.75,0.3,1.6,2,1.1,0.4,0.2,0.7,1.5,10.6
SG,24,TOR,80,4,25.6,3.2,7.3,0.439,0.4,1.4,0.273,2.8,5.9,0.478,0.465,1.7,2.2,0.764,0.5,2.1,2.6,3.1,0.8,0.3,1.3,1.6,8.5
C,28,POR,28,16,25.1,4.9,8.4,0.581,0,0,0,4.9,8.4,0.581,0.581,1.8,2.3,0.754,4.1,7,11.1,1.1,0.5,0.8,1.2,2.5,11.5
PG,25,MIA,20,8,28.4,5.4,11.3,0.473,1.9,5.5,0.349,3.5,5.9,0.59,0.558,1.1,1.2,0.875,0.5,2.8,3.2,2.3,1.1,0.2,2.1,1.8,13.7
C,26,NOP,13,0,17.1,2.8,5.1,0.545,0.1,0.4,0.2,2.7,4.7,0.574,0.553,1.2,1.8,0.652,2.6,3.8,6.5,1.2,0.5,0.4,0.4,1.1,6.8
SF,29,MIL,28,28,33,7.5,14.6,0.51,2.4,5.5,0.442,5,9.1,0.551,0.593,3,3.3,0.902,0.7,5.1,5.8,5.8,1,0.1,2.5,2.8,20.3
C,28,MEM,19,18,27.5,6.5,11.2,0.585,0.4,1.1,0.381,6.1,10.1,0.607,0.604,3.1,4.1,0.753,3.2,7.6,10.8,2.1,0.6,0.8,2.2,3.3,16.5
PF,23,TOT,76,74,33.1,5.5,11.7,0.469,1.1,3.1,0.335,4.4,8.6,0.518,0.514,2.7,3.2,0.831,1.3,5.4,6.7,2.2,0.9,0.5,1.4,2,14.7
PG,25,SAC,44,9,15.7,2.3,5.1,0.455,1.1,2.5,0.45,1.2,2.6,0.46,0.567,1,1.2,0.833,0.2,1.2,1.4,1.5,0.5,0.1,0.8,0.9,6.8
PF,22,TOR,19,0,4.4,0.4,1.4,0.296,0.2,0.7,0.214,0.3,0.7,0.385,0.352,0.5,0.5,0.9,0.3,0.9,1.2,0,0.3,0,0.2,0.4,1.5
SF,27,DAL,61,51,29.5,5.2,10.7,0.492,1.7,4.1,0.414,3.5,6.6,0.54,0.571,1.5,2.2,0.684,0.5,4.2,4.7,2.8,0.8,0.3,1.6,1.9,13.7
C,30,DET,26,26,27.9,4.2,7,0.596,0,0.2,0,4.2,6.8,0.612,0.596,1.8,2.6,0.691,3,5.8,8.8,3.4,0.9,0.7,2,3.5,10.2
PG,32,WAS,19,1,20.6,2.3,6.1,0.379,0.3,1.1,0.25,2.1,5.1,0.406,0.401,0.3,0.8,0.4,0.5,2.9,3.5,4.7,0.8,0.2,1,0.9,5.2
SF,22,NYK,4,0,1.8,0,0.3,0,0,0,0,0,0.3,0,0,0.5,0.5,1,0.3,0.3,0.5,0.3,0,0,0.3,0,0.5
PF,32,SAC,13,0,16.2,2.3,5.2,0.448,0.5,2,0.269,1.8,3.2,0.561,0.5,1.8,2.2,0.821,0.9,2.8,3.8,2.2,0,0.2,1.2,1.8,6.9
PF,23,LAC,17,0,4.1,0.4,1.4,0.261,0.1,0.7,0.167,0.2,0.6,0.364,0.304,0.2,0.2,0.75,0.1,0.6,0.6,0.2,0.1,0.1,0.3,0.8,1
PG,20,ORL,6,0,9.3,0.2,1.5,0.111,0.2,0.3,0.5,0,1.2,0,0.167,0.7,0.7,1,0,1.7,1.7,0.2,0,0.2,0.5,0.5,1.2
SG,28,BRK,13,1,12.2,1.6,3.6,0.447,1.2,2.5,0.469,0.5,1.2,0.4,0.606,0.2,0.2,1,0.2,1,1.2,0.8,0.3,0,0.3,0.6,4.5
SG,21,MIA,20,14,34.4,6.5,14.8,0.437,2.1,6.2,0.339,4.4,8.6,0.509,0.508,2,2.5,0.78,0.5,5.9,6.3,3.9,0.5,0.5,2.6,1.7,17
PG,23,BRK,78,17,22.4,2.8,6.4,0.442,0.5,1.4,0.361,2.3,5.1,0.464,0.481,1.1,1.4,0.776,0.4,1.9,2.3,4.4,1.2,0.2,1.9,1.6,7.3
SG,25,CLE,6,3,19.3,1.7,4.3,0.385,0.3,1.8,0.182,1.3,2.5,0.533,0.423,0.2,0.3,0.5,0.3,2.5,2.8,2.2,0.7,0.3,1.2,1.5,3.8
SG,24,HOU,4,0,6,0.5,1.8,0.286,0.3,1.5,0.167,0.3,0.3,1,0.357,1.3,1.8,0.714,0.3,0.8,1,1,0.3,0.3,1,1.3,2.5
C,31,MEM,52,52,34.4,6.3,13.6,0.464,0,0.1,0.667,6.3,13.5,0.463,0.465,3.9,4.7,0.829,1.1,5.8,7,3.8,1,1.3,2.3,2.7,16.6
C,22,BRK,12,5,26.7,3.7,5.4,0.677,0,0,0,3.7,5.4,0.677,0.677,3.8,5.1,0.754,3.2,7.3,10.4,1.7,0.6,1.6,1.8,1.8,11.2
PG,23,DEN,26,26,34.9,7.2,15.9,0.452,2.3,6.3,0.358,4.9,9.6,0.514,0.523,2.8,3.4,0.809,0.7,3.6,4.3,4.5,1.1,0.3,2.3,2.1,19.4
SF,30,MIL,15,0,11.7,1.1,2.5,0.459,0.5,1.2,0.444,0.6,1.3,0.474,0.568,0.1,0.1,0.5,0.8,1.8,2.6,0.8,0.5,0.3,0.3,1.5,2.9
SF,30,OKC,12,0,9.3,0.9,2,0.458,0.8,1.8,0.429,0.2,0.3,0.667,0.646,0.3,0.3,1,0.1,1.2,1.3,0.8,0.4,0.3,0.4,0.8,2.8
PG,23,CLE,53,53,31.5,7.4,16.6,0.448,1.6,4.9,0.321,5.8,11.6,0.502,0.496,3.2,3.6,0.885,0.8,2.1,3,4.7,1.1,0.3,2.3,2,19.6
PG,21,MIL,80,79,35.3,6.4,12.7,0.506,0.4,1.4,0.257,6.1,11.3,0.537,0.52,3.7,5.1,0.724,1.4,6.2,7.7,4.3,1.2,1.4,2.6,3.2,16.9
SG,23,MIA,36,5,24,3.3,6.8,0.486,0.8,2,0.38,2.5,4.8,0.529,0.541,1.4,1.8,0.797,0.8,2.3,3,2.2,0.7,0.4,1.3,1.8,8.7
PG,27,SAS,81,3,20.5,3.2,7.6,0.425,1.5,4,0.384,1.7,3.6,0.469,0.525,0.6,0.7,0.81,0.3,1.6,2,2.8,0.7,0.1,0.9,1.3,8.5
C,22,ATL,15,0,8.8,0.6,1.5,0.409,0,0.1,0,0.6,1.3,0.45,0.409,0.6,1,0.6,0.8,2.7,3.5,0.6,0.1,0.1,0.8,1,1.8
C,25,BRK,14,4,18.8,2.4,5.5,0.429,0,0,0,2.4,5.5,0.429,0.429,1.8,2.1,0.833,1.5,3.6,5.1,0.6,0.6,1,0.9,2.6,6.5
SF,23,UTA,2,0,3,0,0.5,0,0,0,0,0,0.5,0,0,0,0,0,0,0.5,0.5,0,0.5,0,0,0.5,0
PF,27,NYK,59,5,22.3,2.9,6.5,0.442,0.7,1.8,0.404,2.1,4.6,0.458,0.5,1.7,2,0.857,0.6,1.6,2.2,0.9,0.4,0.1,1,1.8,8.2
PF,35,LAL,6,0,3.7,0.2,0.2,1,0.2,0.2,1,0,0,0,1.5,0,0,0,0.2,0.8,1,0.2,0,0,0,0,0.5
PG,23,IND,41,0,9.4,1.5,4.1,0.367,0.2,1.1,0.217,1.3,3,0.423,0.396,0.5,0.6,0.8,0.1,1.1,1.2,1.6,0.4,0,0.8,0.7,3.8
PF,31,MIA,53,53,33.5,6.8,14.5,0.467,1.5,4.2,0.365,5.2,10.3,0.508,0.52,4,5.1,0.795,0.9,6.5,7.4,2.4,0.7,0.6,1.5,1.9,19.1
PF,28,SAC,27,27,35.1,5.3,11,0.48,1.7,4.3,0.388,3.6,6.7,0.539,0.556,3.6,4.3,0.843,1.1,5.1,6.2,3.4,0.8,0.2,1.4,1.1,15.8
PG,21,OKC,57,1,12.2,2,4.9,0.41,0.6,1.9,0.324,1.4,2.9,0.467,0.475,0.3,0.4,0.792,0.2,1.3,1.5,1.9,0.6,0.1,0.8,1.4,5
C,33,CLE,20,1,15.7,3.1,6.8,0.459,0.3,0.8,0.313,2.9,6,0.479,0.478,1.3,2.2,0.591,1.7,3.9,5.6,1,0.5,1.2,1.3,2.5,7.8
SG,31,IND,29,20,32.2,4,8.5,0.466,2.4,5.8,0.419,1.6,2.8,0.563,0.607,1.2,1.5,0.791,0.7,3.5,4.2,1.7,1.2,0.3,0.7,2.3,11.5
SG,21,MEM,2,0,7.5,1,3,0.333,0,0.5,0,1,2.5,0.4,0.333,1.5,2.5,0.6,0,1,1,1.5,1.5,0,1,1,3.5
PF,26,OKC,28,6,18.3,2.3,4.3,0.537,0.5,1.2,0.441,1.8,3.1,0.575,0.599,0.4,0.7,0.632,1.4,2.5,3.9,1.7,0.8,0.2,0.9,1.7,5.6
SG,23,BRK,26,0,19,2.3,6.2,0.377,1.6,4.5,0.347,0.8,1.7,0.455,0.503,1.1,1.3,0.879,0.2,1.3,1.5,1.3,0.5,0.2,0.8,1.3,7.4
PF,24,SAC,8,0,6,0.4,0.8,0.5,0,0,0,0.4,0.8,0.5,0.5,0.3,0.5,0.5,0.4,1,1.4,0.1,0,0.5,0.4,0.5,1
C,29,IND,71,71,25.6,3.7,6.3,0.589,0,0,0,3.7,6.3,0.589,0.589,1.9,3.2,0.587,1.9,5.2,7.1,1.5,0.9,1.1,1.4,3.1,9.3
PG,22,ORL,8,8,26.9,5.1,13,0.394,0.5,2,0.25,4.6,11,0.42,0.413,2.1,2.4,0.895,0.6,2.5,3.1,5.4,1,0.3,2.3,2.3,12.9
PG,22,NYK,4,0,10.5,1.5,3.5,0.429,1.3,2.3,0.556,0.3,1.3,0.2,0.607,0.3,0.8,0.333,0.3,0.8,1,0.8,0.8,0,0.5,1.8,4.5
PF,24,HOU,50,11,20.9,3.3,7.3,0.452,0.5,1.6,0.316,2.8,5.8,0.49,0.486,1.5,2.3,0.664,1.2,3,4.2,0.8,0.5,0.8,1,1.7,8.7
PF,31,LAC,21,2,25,4.5,10,0.45,2.5,5,0.5,2,5,0.4,0.576,1.7,1.9,0.897,0.8,3,3.8,0.9,0.6,0.3,1,1.8,13.2
SG,22,NOP,23,3,19.2,3.3,8.2,0.41,1,3.8,0.276,2.3,4.4,0.525,0.473,1.1,1.4,0.781,0.2,2.4,2.7,2,1.1,0.3,1.3,1.7,8.8
PG,19,GSW,6,0,6,0.5,2.2,0.231,0.3,1.5,0.222,0.2,0.7,0.25,0.308,0.2,0.7,0.25,0,1.3,1.3,2,0.3,0,0.3,0.8,1.5
PF,21,DEN,12,2,5.4,0.6,1.3,0.438,0.2,0.5,0.333,0.4,0.8,0.5,0.5,0.1,0.2,0.5,0,0.8,0.8,0.2,0.1,0.3,0.4,0.6,1.4
C,27,BRK,73,73,33.7,8.1,15.8,0.511,0,0.2,0.143,8.1,15.7,0.515,0.512,4.3,5.5,0.787,2.8,5.1,7.8,2,0.8,1.7,2.4,2.9,20.6
PF,20,MIN,23,1,18.7,2,5.1,0.398,1,2.7,0.381,1,2.4,0.418,0.5,0.3,0.7,0.4,0.7,2.7,3.3,1,0.3,1.1,0.8,2.5,5.4
C,28,UTA,29,29,30.3,5.4,8.5,0.64,0,0,0,5.4,8.5,0.642,0.64,3.3,5.8,0.581,3.5,9.9,13.4,1.3,0.4,2.7,1.6,2.2,14.2
PF,29,CHO,81,81,28.9,4.2,9.2,0.452,1.9,4.7,0.402,2.3,4.6,0.504,0.554,1.5,1.8,0.833,1.6,4.9,6.4,1.4,0.7,1,0.8,1.6,11.7
PF,32,TOT,10,0,4.4,0.8,1.8,0.444,0.7,1.5,0.467,0.1,0.3,0.333,0.639,0.1,0.1,1,0,0.5,0.5,0,0,0,0.1,0.3,2.4
SF,35,SAC,17,1,10.4,1.5,3.5,0.424,0.2,1.1,0.167,1.3,2.4,0.537,0.449,0.6,0.7,0.833,0.3,1,1.3,0.6,0.5,0.1,0.2,1.1,3.7
PG,23,DET,4,0,14.3,2.3,5.8,0.391,0.5,2,0.25,1.8,3.8,0.467,0.435,0.8,1,0.75,0.5,1,1.5,2,0,0.3,1,0.3,5.8
SG,33,GSW,68,0,15.9,2.5,5.4,0.462,0.6,1.6,0.355,1.9,3.8,0.508,0.515,0.8,0.9,0.839,0.4,1.3,1.7,1.2,0.6,0.1,0.8,1.6,6.4
SG,25,MEM,19,8,23.9,3.2,7.4,0.429,2.3,5.3,0.436,0.8,2.1,0.41,0.586,1.7,1.9,0.892,0.4,2.5,2.9,2.1,1,0.2,1.1,1.3,10.4
PF,23,OKC,20,0,3.6,0.6,1.2,0.478,0,0.2,0,0.6,1,0.579,0.478,0.2,0.5,0.4,0.2,0.7,0.9,0.2,0.1,0.1,0.4,0.5,1.3
PG,23,TOT,7,4,24.1,2,5.6,0.359,0,0.7,0,2,4.9,0.412,0.359,0.4,0.6,0.75,1.1,2.4,3.6,3,1.3,0.4,1.3,1.7,4.4
SG,24,MEM,16,0,16.5,1.5,3.5,0.429,0.4,1.4,0.318,1.1,2.1,0.5,0.491,0.9,1,0.938,1,2.8,3.8,1.1,1.1,0.3,0.5,1.4,4.4
C,31,CHO,47,18,23.3,5.2,10.7,0.485,0,0,0,5.2,10.7,0.485,0.485,1.5,2.4,0.649,1.2,5.2,6.4,1.5,0.6,0.9,0.7,2.5,12
SF,20,MIL,20,1,7.8,0.7,1.9,0.351,0.2,0.7,0.231,0.5,1.2,0.417,0.392,0.4,0.4,0.875,0.1,1.5,1.6,0.5,0.3,0.2,0.6,0.6,1.8
PF,29,ATL,28,1,19,1.5,4.3,0.358,1,3.2,0.322,0.5,1.1,0.467,0.479,0.3,0.4,0.8,0.4,1.9,2.3,0.9,0.6,0.2,0.5,1.6,4.4
C,24,BOS,69,8,20.2,3.7,8.1,0.455,1.2,3,0.405,2.4,5,0.486,0.531,1.4,1.9,0.75,1,3,4.1,1.5,0.8,0.5,1.1,2.4,10
SF,35,CLE,74,5,17.9,1.9,4.2,0.458,0.9,2.3,0.382,1,1.9,0.554,0.564,0.8,1.2,0.667,0.2,1.5,1.7,0.8,0.4,0.2,0.6,1.7,5.5
PF,22,OKC,22,9,20.2,3.4,6.2,0.54,0.5,1.6,0.314,2.9,4.6,0.618,0.58,1.3,1.9,0.69,1.6,3.5,5.2,1.5,0.7,0.6,1,2.5,8.5
SG,27,MIL,28,5,18.4,3.5,7.2,0.48,2,4.3,0.471,1.4,2.9,0.494,0.621,0.5,0.7,0.7,0.2,1,1.1,0.5,0.3,0,0.7,1.2,9.5
SG,24,PHI,77,17,28,3.5,8.8,0.397,1.9,5.1,0.38,1.6,3.7,0.42,0.507,0.9,1.2,0.719,0.7,2.8,3.5,1.3,0.5,0.3,1,2.4,9.8
PF,22,LAC,6,0,4.8,0.3,0.8,0.4,0,0,0,0.3,0.8,0.4,0.4,0.2,0.2,1,0.3,0.3,0.7,0,0,0.2,0,0.3,0.8
PF,30,LAL,66,0,20.3,2.6,4.8,0.549,0,0,0,2.6,4.8,0.552,0.549,1.9,2.2,0.845,1.6,2.7,4.3,1.1,0.5,0.8,0.6,1.9,7.2
PF,26,DEN,67,64,25.3,5.2,9.3,0.558,0,0,0.5,5.2,9.3,0.558,0.558,2,3.3,0.613,3.5,5.2,8.7,1.2,0.5,0.9,1.4,2.5,12.5
SF,28,DAL,30,2,8.4,0.9,1.6,0.542,0.1,0.5,0.25,0.7,1.1,0.688,0.583,0.5,0.7,0.714,0.4,1.4,1.8,0.1,0.2,0.3,0.2,0.6,2.4
PF,27,CLE,77,77,31.5,5.3,12.7,0.419,2.1,5.7,0.36,3.3,7,0.467,0.499,3.4,4.1,0.822,1.9,8,9.9,2.4,0.8,0.5,1.8,2.1,16
SG,21,IND,8,0,2.9,0.3,0.9,0.286,0.1,0.3,0.5,0.1,0.6,0.2,0.357,0.5,0.6,0.8,0.3,0.1,0.4,0,0,0.3,0.1,0.9,1.1
C,20,DEN,80,55,21.7,3.8,7.5,0.512,0.4,1.1,0.333,3.5,6.5,0.541,0.535,1.9,2.4,0.811,2.3,4.7,7,2.4,1,0.6,1.3,2.6,10
SF,21,WAS,17,7,13.5,0.8,2.1,0.389,0.5,1.3,0.409,0.3,0.8,0.357,0.514,0.1,0.2,0.667,0.5,1.8,2.2,0.5,0.2,0.2,0.4,1.6,2.3
SF,22,DEN,18,11,27,5.1,10.8,0.474,2.1,5.7,0.373,3,5.1,0.587,0.572,1.3,1.7,0.8,1.2,4.9,6.1,1.1,1.1,1.2,1.1,2.3,13.7
PF,36,POR,27,3,25.3,4.6,11.7,0.396,1.7,4.5,0.377,2.9,7.2,0.407,0.468,2.4,2.8,0.842,0.6,2.9,3.5,1.3,0.8,0.8,0.9,2.1,13.3
PF,32,TOT,55,5,16.4,3.2,6.1,0.531,0,0,0,3.2,6.1,0.533,0.531,1.3,1.7,0.763,1.8,3.7,5.5,1.5,0.4,0.5,1.2,2.1,7.8
PF,26,MIL,27,27,33.6,10.3,18.4,0.563,1.1,4,0.29,9.2,14.4,0.638,0.594,6.4,9.9,0.642,1.7,9.7,11.4,5.8,1.3,1.3,3.7,3.1,28.2
SF,28,NOP,73,38,22.4,1.8,3.5,0.518,0.2,0.8,0.283,1.6,2.7,0.59,0.551,0.6,0.9,0.667,0.8,2.5,3.4,1,0.9,0.2,0.8,2.3,4.5
SF,31,NYK,72,72,35.1,7.9,18.2,0.434,1.5,4.3,0.339,6.4,13.8,0.463,0.474,4.6,5.6,0.829,1.4,6.4,7.7,4.2,0.9,0.5,2.4,2.5,21.8
C,36,LAL,29,29,20,1.4,3.4,0.4,0.7,2,0.351,0.7,1.5,0.465,0.5,0.8,0.9,0.88,0.8,3.4,4.2,1.8,0.4,1.2,0.8,2.4,4.2
C,39,SAS,61,60,25.2,3.5,7.2,0.488,0,0,0,3.5,7.2,0.49,0.488,1.5,2.1,0.702,1.9,5.4,7.3,2.7,0.8,1.3,1.5,2,8.6
PG,30,TOT,51,0,9.2,1.5,3.2,0.448,0.3,0.8,0.357,1.2,2.4,0.48,0.494,0.8,0.9,0.894,0.1,0.7,0.8,1.1,0.2,0,0.5,0.7,4
SF,27,HOU,17,7,27.9,3.1,8.2,0.374,1.4,4.9,0.286,1.6,3.2,0.509,0.46,1.4,1.8,0.767,0.6,3.1,3.6,2.1,0.8,0.5,0.9,1.8,8.9
SF,29,NYK,25,25,26.8,3.1,7.6,0.411,1.8,4.6,0.383,1.4,3,0.453,0.526,0.5,0.6,0.813,0.3,3.2,3.5,1.4,0.7,0.2,0.7,2.5,8.5
SF,21,PHI,77,52,26.8,3.3,7.8,0.419,0.5,1.9,0.24,2.8,5.9,0.477,0.448,2.8,4.2,0.658,1.3,3.4,4.7,1.8,0.7,1.6,1.4,2.8,9.7
SG,24,BOS,26,26,33.4,9.9,19.5,0.506,2.4,5.9,0.409,7.5,13.6,0.548,0.568,3.7,4.8,0.768,1.2,4.3,5.5,3.6,1.2,0.6,2.8,3,25.9
PF,21,MIN,27,10,19.1,2.5,4.2,0.602,0,0.1,0.5,2.5,4.1,0.604,0.606,1,1.9,0.51,1.9,4.1,6,1.7,1.1,0.7,0.9,2.2,6
C,27,LAC,60,5,13.3,2.2,3.8,0.596,0,0,0,2.2,3.8,0.596,0.596,1,1.4,0.714,1.4,3.4,4.8,0.8,0.8,1.1,1.1,2.3,5.5
SG,24,UTA,31,3,25.7,4.4,10.8,0.41,1,2.5,0.405,3.4,8.2,0.412,0.458,3.4,4.5,0.752,0.5,3,3.5,2,0.6,0.1,1.6,2.3,13.3
PG,28,WAS,21,6,18.9,3.1,6.7,0.468,1,2.7,0.368,2.1,4,0.536,0.543,0.8,1,0.8,0.5,1.8,2.2,1.7,1,0.1,0.6,1.3,8
C,31,MEM,19,1,17.7,2.6,4.9,0.532,1.1,2.1,0.5,1.6,2.8,0.556,0.638,1.4,1.6,0.839,1.4,3.4,4.8,1.4,0.8,0.7,1.1,1.8,7.7
SF,31,MIA,16,16,32.9,6,13.7,0.438,0.3,1.5,0.167,5.8,12.2,0.472,0.447,7.2,8.4,0.858,1.8,5.9,7.7,7.4,1.9,0.4,2.1,1.1,19.4
C,31,ATL,36,2,16.1,2.3,4.3,0.523,0,0.1,0,2.3,4.3,0.529,0.523,1.1,1.3,0.813,1.3,2.1,3.3,0.8,0.6,0.3,0.7,2,5.6
C,23,CLE,8,0,9.5,1.3,2.3,0.556,0,0.3,0,1.3,2,0.625,0.556,1.3,1.4,0.909,1,1.3,2.3,0.5,0.3,0.5,0.4,0.9,3.8
SG,23,DET,26,6,24.1,4.5,10.5,0.427,1.4,4.4,0.322,3.1,6.1,0.503,0.495,2.3,3.4,0.685,0.7,3.3,4,1.9,1,0.9,2.4,3,12.8
SF,28,IND,64,24,22.9,4,9.9,0.409,2.2,6,0.367,1.8,3.9,0.474,0.521,1.5,1.9,0.75,0.4,2.3,2.7,1,0.8,0.5,1.1,2.2,11.8
SF,22,DAL,55,9,11.8,1.3,3.2,0.406,0.4,1.5,0.265,0.9,1.7,0.533,0.469,0.8,1,0.8,0.3,2.1,2.4,0.5,0.3,0.5,0.4,0.8,3.8
SG,27,LAL,25,25,25.1,3,6.7,0.446,1.6,3.7,0.424,1.4,3,0.474,0.563,0.9,1.1,0.852,0.3,1.9,2.2,1.3,0.8,0.3,1,1.6,8.5
SG,38,HOU,72,7,17.5,2.1,5.2,0.402,1.3,3.6,0.356,0.8,1.6,0.504,0.525,0.4,0.5,0.818,0.2,0.9,1.1,1.4,0.7,0.1,0.7,1.3,5.9
C,28,CHO,26,16,22.5,2.7,4.6,0.58,0,0,0,2.7,4.5,0.585,0.58,0.8,1.8,0.447,2.2,3.6,5.8,1.3,0.2,1.2,0.9,2.3,6.1
PG,22,WAS,6,0,7.3,0.7,1.7,0.4,0.5,1.2,0.429,0.2,0.5,0.333,0.55,0.3,0.3,1,0,0.7,0.7,1,0,0.2,0.2,0.7,2.2
C,21,UTA,12,0,4.1,0.3,0.6,0.571,0,0,0,0.3,0.6,0.571,0.571,0.3,0.5,0.667,0.3,0.8,1.1,0,0.1,0.3,0.3,0.7,1
SF,38,LAC,68,38,18.1,2.1,5.8,0.363,1.1,3.6,0.31,1,2.3,0.445,0.457,0.8,1,0.818,0.2,2.6,2.7,1,0.5,0.3,0.9,1.9,6.1
C,25,POR,82,82,25.4,3.3,6.3,0.516,0,0,0,3.3,6.3,0.52,0.516,2.6,4.1,0.642,2.5,5.2,7.7,2.8,0.8,1,1.9,3.1,9.1
C,22,DET,81,81,32.9,6.8,13.1,0.521,0,0.1,0.333,6.8,13,0.522,0.522,2.6,7.2,0.355,4.9,9.9,14.8,0.8,1.5,1.4,1.9,3,16.2
SF,26,MIA,28,28,33.3,4,9.7,0.415,3.3,8.4,0.389,0.8,1.4,0.579,0.583,1.3,1.5,0.854,0,3.8,3.8,1.5,0.4,0.3,1.5,2.3,12.6
C,27,DAL,26,10,17.5,2.4,3.8,0.626,0,0.2,0.2,2.3,3.6,0.649,0.631,1.1,1.7,0.636,1.3,3.3,4.6,0.8,0.3,0.7,0.5,2.5,5.9
PG,34,NYK,72,72,28.1,2.9,6.3,0.459,1.2,2.8,0.414,1.7,3.5,0.496,0.552,0.6,0.7,0.875,0.3,2.9,3.2,4.2,0.9,0.1,1.2,1.9,7.6
PF,21,PHI,5,0,11,1.8,4.4,0.409,0,0.6,0,1.8,3.8,0.474,0.409,0,0,0,1.4,0.6,2,0.6,0.2,0.8,1,0.8,3.6
SF,28,LAC,80,9,20.8,2.6,6.4,0.404,1.3,3.9,0.333,1.3,2.6,0.51,0.504,0.4,0.6,0.652,0.5,2.6,3.1,0.6,1.1,0.7,0.7,2.2,6.9
PG,32,DAL,64,0,20,2.6,5.8,0.447,0.8,2.5,0.329,1.8,3.4,0.532,0.516,1.6,2.2,0.721,0.3,1.9,2.2,1.8,0.9,0.2,1,1.9,7.6
SG,29,POR,13,13,33.8,9.5,20,0.473,4.8,11,0.441,4.6,9,0.513,0.594,2.9,3.5,0.844,0.5,3.4,3.9,5,1.3,0.3,1,2.2,26.7
C,27,SAS,54,4,9.4,1.9,3.2,0.603,0,0,0,1.9,3.2,0.603,0.603,1.6,2.1,0.763,1.4,2.2,3.6,0.4,0.2,0.4,0.5,1,5.5
SG,23,LAL,79,79,32.3,6,13.9,0.433,1.4,4.1,0.347,4.6,9.8,0.468,0.483,2.1,2.6,0.804,1.2,2.8,4,2.4,1.1,0.1,1.7,2.1,15.5
C,33,TOT,53,0,9.4,1,2.3,0.427,0,0,0,1,2.3,0.431,0.427,0.6,0.9,0.64,0.7,2,2.7,0.7,0.3,0.2,0.4,1.3,2.6
SF,37,LAL,66,66,28.2,6,16.9,0.358,2,7.1,0.285,4,9.8,0.41,0.417,3.5,4.3,0.826,0.6,3.1,3.7,2.8,0.9,0.2,2,1.7,17.6
C,27,SAC,25,25,29.6,5.4,8.4,0.648,0,0.2,0.2,5.4,8.2,0.659,0.65,1.8,2.3,0.793,2.5,5.2,7.7,1.8,0.7,1.6,1.5,4.1,12.8
C,19,DET,26,2,17.9,2.2,4.2,0.523,0,0.2,0.25,2.2,4,0.533,0.528,0.8,1.2,0.7,2.5,2.9,5.4,0.7,0.5,0.9,0.8,2.7,5.2
SG,24,PHI,22,1,24.4,4.9,10.9,0.452,1,3.3,0.306,3.9,7.6,0.515,0.498,3.2,3.6,0.875,0.5,1.4,1.9,3,0.7,0.2,1.5,2.2,14
PF,22,NOP,61,61,35.5,9.2,18.6,0.493,0.6,1.8,0.324,8.6,16.9,0.511,0.508,5.3,7,0.758,2.1,8.1,10.3,1.9,1.3,2,2,2.4,24.3
C,35,PHI,29,4,16.7,2.1,3.8,0.555,0.1,0.3,0.375,2,3.5,0.569,0.568,1.6,3,0.523,2.7,5,7.7,0.7,0.4,0.9,1.9,3.1,5.9
PF,35,MIA,37,0,7,0.6,1.6,0.377,0,0.2,0.111,0.6,1.4,0.423,0.385,0.3,0.4,0.75,0.3,1.8,2,0.4,0.1,0.1,0.1,0.7,1.6
PF,21,SAS,4,0,2.8,0.5,1.5,0.333,0.5,0.8,0.667,0,0.8,0,0.5,0.3,0.5,0.5,0,0,0,0,0,0,0,0,1.8
SF,22,PHO,47,4,22.8,4.7,9.4,0.501,0.6,1.5,0.4,4.1,7.9,0.52,0.533,1,1.4,0.703,1.2,1.9,3.1,0.9,0.8,0.3,0.7,2,11
SG,29,ORL,28,1,28.8,5.5,13.3,0.414,2,5.7,0.346,3.5,7.6,0.465,0.488,2.4,2.6,0.892,0.3,2.9,3.2,2.1,1,0.5,1.8,2,15.3
SG,22,CHO,15,0,21.1,3.6,8,0.45,2.2,4.4,0.5,1.4,3.6,0.389,0.588,1.1,1.3,0.85,0.3,2,2.3,1.8,0.3,0.1,1.1,1.3,10.5
C,21,DEN,32,3,17.1,3.2,7.6,0.417,0,0.1,0,3.2,7.5,0.423,0.417,1.9,3.1,0.616,2,3.4,5.5,1.3,0.8,1.4,1.7,2.8,8.2
PF,30,DET,72,5,18.6,1.8,4.6,0.386,1.4,3.8,0.36,0.4,0.8,0.5,0.533,0.4,0.7,0.617,0.5,2.6,3.2,0.7,0.4,0.2,0.4,1.2,5.3
PF,35,HOU,26,26,30,1.6,4.3,0.375,0.9,2.8,0.329,0.7,1.5,0.462,0.482,0.5,0.7,0.824,1,3.6,4.6,1.4,0.8,0.5,1,3,4.7
PG,30,MIL,23,23,32.5,6.5,13,0.502,1.9,4.8,0.387,4.7,8.2,0.569,0.574,1.5,1.9,0.791,1.3,3.5,4.8,5.4,1.9,0.6,1.6,1.7,16.4
SF,25,DEN,26,6,11.3,0.9,2.5,0.364,0.4,1.2,0.313,0.5,1.3,0.412,0.439,0.3,0.5,0.643,0.3,1.2,1.5,0.6,0.5,0.2,0.8,0.9,2.6
SF,25,SAS,8,0,3.4,0,1.1,0,0,0.5,0,0,0.6,0,0,0.6,0.8,0.833,0.1,0.3,0.4,0.3,0.1,0,0,0,0.6
SG,35,LAC,79,5,26.9,4.8,11.9,0.404,1.5,4.4,0.34,3.3,7.5,0.44,0.466,3.1,3.4,0.904,0.3,1.6,1.8,2.3,0.7,0.2,1.4,1.5,14.2
PF,25,MIN,13,6,18.6,2.3,5.8,0.4,1.1,3.4,0.318,1.2,2.4,0.516,0.493,0.7,1.1,0.643,1,4,5,0.5,0.4,0.2,0.5,0.9,6.4
SF,22,BRK,40,5,10,0.8,1.9,0.405,0.3,0.9,0.297,0.5,0.9,0.514,0.48,0.7,0.7,0.929,0.2,1.3,1.5,0.9,0.2,0.1,0.6,0.7,2.4
PF,30,ORL,2,0,8,0.5,0.5,1,0.5,0.5,1,0,0,0,1.5,0,1,0,0.5,1.5,2,1,0,0,1,0,1.5
SG,26,DEN,19,19,30.6,3.6,8.2,0.442,1.3,3.9,0.32,2.4,4.3,0.556,0.519,1.2,1.6,0.733,0.7,1.8,2.5,1.7,0.9,0.2,0.7,1.9,9.7
PF,19,OKC,17,0,17.4,1.4,5.5,0.247,0.6,3.3,0.179,0.8,2.2,0.351,0.301,0,0,0,0.3,3.2,3.5,1.2,0.5,1.1,1.3,0.9,3.3
SF,31,ATL,75,11,23.4,2.5,5,0.505,0.6,1.7,0.339,1.9,3.3,0.589,0.562,0.8,1.3,0.626,0.7,3.8,4.5,1.4,1.1,0.5,0.9,1.5,6.4
C,24,IND,27,27,31.2,4.7,9.4,0.498,1.4,4.4,0.325,3.2,4.9,0.654,0.575,2.4,3.1,0.776,1.3,5.3,6.6,1,1.1,3.5,1.4,3.6,13.2
PG,29,SAC,27,1,19.8,2.7,5.7,0.471,0.7,2,0.327,2,3.7,0.55,0.529,0.7,1,0.741,0.4,1.7,2.1,2.4,0.8,0.2,1.1,2.2,6.8
PG,24,TOT,23,0,12.3,1.3,3.4,0.385,0.2,0.8,0.222,1.1,2.6,0.433,0.41,0.6,1.1,0.52,0.1,1.2,1.3,3.3,0.8,0.2,1.4,1.2,3.3
PG,25,ATL,22,0,12.7,1.5,4.6,0.324,0.6,2.4,0.269,0.9,2.3,0.38,0.392,0.8,1.1,0.708,0.1,1.1,1.2,2,0.5,0,0.5,1,4.4
SG,28,DET,3,0,14.3,2.3,6.7,0.35,1.3,3,0.444,1,3.7,0.273,0.45,1.3,1.3,1,0.3,1.3,1.7,1,0,0,0.3,0.7,7.3
PG,24,MIL,54,37,30.5,4.6,10.3,0.452,0.3,1,0.273,4.4,9.3,0.472,0.466,2,3,0.654,0.9,4.2,5.1,5.2,1.5,0.8,2.8,3,11.5
SG,38,SAS,58,0,19.6,3.4,7.5,0.453,1.2,3.1,0.391,2.2,4.4,0.496,0.533,1.6,1.9,0.813,0.4,2.1,2.5,3.1,1.1,0.2,1.7,1.7,9.6
SG,32,TOT,81,8,20.3,2.1,6,0.351,0.9,3.1,0.3,1.2,2.9,0.405,0.428,0.8,0.9,0.824,0.3,1.6,1.9,2,0.5,0.4,1.1,1.6,5.9
PF,19,CHI,26,26,27.7,3.7,8.1,0.455,0.9,2.2,0.397,2.8,5.9,0.477,0.509,1.8,2.3,0.797,0.9,3.7,4.6,1.1,0.7,0.7,1.5,2.3,10.1
SG,30,PHI,22,22,29,4.6,9.3,0.5,2.1,4.4,0.479,2.5,4.9,0.519,0.613,1.8,1.8,0.975,0.2,1.7,1.9,2.7,0.8,0.3,1.4,1.7,13.1
SG,24,MIL,28,28,26.1,3.7,8.9,0.419,2,4.9,0.401,1.8,4,0.441,0.53,0.5,0.8,0.619,1,3.4,4.5,2.8,1.2,0.2,1.2,1.5,9.9
PF,35,OKC,59,4,11.8,0.8,1.8,0.459,0,0,0,0.8,1.8,0.467,0.459,0.4,0.6,0.697,1.2,1.7,2.9,0.9,0.3,0.3,0.8,1.8,2.1
PF,24,IND,7,0,5.9,0.7,1.6,0.455,0,0.3,0,0.7,1.3,0.556,0.455,0.1,0.3,0.5,0.7,1,1.7,0.4,0.1,0.1,0.7,1,1.6
PG,32,DET,15,0,22.8,5.3,12.3,0.429,0.9,2.6,0.333,4.4,9.7,0.455,0.465,2.8,3.3,0.84,0.4,1.5,1.9,4.2,1.2,0.3,1.9,1.1,14.2
PF,24,MEM,20,13,27.2,5.6,11.1,0.5,0.6,1.8,0.306,5,9.3,0.538,0.525,1.3,2.1,0.634,1.6,4,5.6,1.8,1.2,0.8,0.7,1.7,13
PF,29,IND,28,8,26.2,5.1,10.1,0.511,1.5,4.3,0.355,3.6,5.8,0.627,0.587,1.3,1.6,0.795,1,3.1,4.1,1.4,0.3,0.1,1.1,1.8,13.1
C,22,TOT,7,0,2.6,0.4,0.7,0.6,0,0,0,0.4,0.7,0.6,0.6,0.1,0.3,0.5,0.1,0.4,0.6,0.1,0.1,0,0,0.1,1
PF,25,BRK,39,2,10.9,1.9,3.4,0.571,0,0,0,1.9,3.4,0.571,0.571,0.8,1.4,0.545,1.3,1.9,3.1,0.3,0.2,0.8,0.4,1.2,4.7
PF,30,PHO,79,1,21.3,4.2,9.8,0.427,2.3,5.8,0.393,1.9,4,0.476,0.544,1.5,2,0.774,0.7,3.1,3.8,1.1,0.4,0.3,1.1,2,12.2
PF,39,MIN,38,38,14.6,1.4,3,0.47,0,0,0,1.4,3,0.474,0.47,0.4,0.6,0.667,0.4,3.6,3.9,1.6,0.7,0.3,0.4,1.8,3.2
PF,28,MEM,12,2,17.7,2.9,4.3,0.673,0,0,0,2.9,4.3,0.673,0.673,1.1,2,0.542,1.2,2.4,3.6,0.5,0.4,1.3,0.8,1.8,6.9
SG,21,GSW,15,0,9.5,1.7,4.1,0.426,0.9,2.6,0.333,0.9,1.5,0.591,0.533,1.2,1.3,0.947,0.1,1.1,1.2,0.9,0.2,0.1,0.5,0.9,5.5
C,23,CHI,31,4,10.4,1.3,2.3,0.556,0,0.1,0,1.3,2.2,0.588,0.556,0.8,1.1,0.714,1,2.3,3.3,0.8,0.2,0.4,0.4,1,3.4
SF,23,NYK,2,0,3,1.5,2,0.75,0,0.5,0,1.5,1.5,1,0.75,0,0,0,0,0.5,0.5,0,0,0,0,1,3
PF,22,CHO,28,2,26.7,3.8,8,0.469,1.3,3.5,0.364,2.5,4.5,0.552,0.549,1.1,1.2,0.939,1.3,4.5,5.8,1.9,0.7,0.8,1.8,2.4,9.9
PG,19,LAL,80,48,28.2,4.9,12,0.41,1.6,4.6,0.351,3.3,7.3,0.447,0.478,1.8,2.4,0.737,0.6,2.8,3.4,3.3,1.2,0.2,2.5,1.8,13.2
PF,26,BOS,27,6,19.6,2,4.7,0.414,1.3,3.3,0.378,0.7,1.4,0.5,0.547,0.7,0.9,0.72,0.6,2.5,3.1,0.9,0.3,0,0.4,1.2,5.9
PG,33,SAS,72,72,27.5,4.9,9.9,0.493,0.4,0.9,0.415,4.5,9,0.501,0.512,1.8,2.4,0.76,0.2,2.2,2.4,5.3,0.8,0.2,1.8,1.6,11.9
SF,25,NOP,11,4,27.6,4.5,10.5,0.422,1.2,4.1,0.289,3.3,6.5,0.507,0.478,1.3,1.9,0.667,1.1,4.5,5.6,2.3,0.7,0.3,1.5,2.2,11.4
PG,27,GSW,79,79,34.2,10.2,20.2,0.504,5.1,11.2,0.454,5.1,9,0.566,0.63,4.6,5.1,0.908,0.9,4.6,5.4,6.7,2.1,0.2,3.3,2,30.1
C,34,TOR,25,24,18.8,2.4,5.8,0.411,0.5,2.2,0.222,1.9,3.7,0.522,0.452,0.3,0.4,0.778,1.5,3.9,5.4,1,0.3,0.3,0.8,2.5,5.6
SF,25,CHO,17,0,9.4,1.2,2.2,0.526,0.2,0.8,0.231,1,1.5,0.68,0.566,0.5,0.6,0.8,0.6,1.4,2,0.9,0.4,0,0.5,0.5,3
SG,22,WAS,55,35,31.1,6.5,14.5,0.449,1.9,4.9,0.387,4.6,9.6,0.481,0.515,2.5,3.2,0.767,0.7,2.7,3.4,2.9,1,0.2,2,2.1,17.4
PG,23,BOS,9,1,10,0.7,3,0.222,0.3,1.3,0.25,0.3,1.7,0.2,0.278,0.8,0.9,0.875,0.2,0.7,0.9,2.8,0.6,0,1.4,0.7,2.4
SF,33,PHI,29,29,28.4,3.1,7.7,0.401,2.2,5.8,0.375,0.9,1.9,0.481,0.543,0.3,0.5,0.714,1,2.7,3.7,1.7,1.1,0.7,1.4,1.7,8.7
SG,24,MIN,29,28,32.8,7.7,17,0.455,3.4,8.7,0.398,4.3,8.3,0.515,0.557,2,2.4,0.843,0.9,4,4.9,2.5,0.9,0.2,1.7,1.7,20.9
SF,21,BOS,13,0,14.7,1.2,3.6,0.34,0.9,2.9,0.316,0.3,0.7,0.444,0.468,0.4,0.5,0.714,0.5,1.8,2.3,0.5,0,0.3,0.7,1.8,3.8
PG,20,SAC,25,2,29.4,4.8,9.6,0.498,2.3,5.2,0.443,2.4,4.3,0.565,0.619,0.6,0.7,0.824,1,2.6,3.6,5.2,1.2,0.6,1.6,1.2,12.4
SF,30,LAC,20,20,34,8.4,16.6,0.508,3.8,7.9,0.478,4.7,8.7,0.534,0.621,3.8,4.2,0.905,0.7,5.6,6.2,5.5,1.2,0.5,3.6,2.3,24.4
SF,27,UTA,29,29,32.6,2.7,5.8,0.462,1.8,4.1,0.429,0.9,1.7,0.54,0.612,0.8,0.9,0.846,1.1,5.7,6.9,2.3,0.8,0.7,1.1,2.9,7.9
PF,23,CHO,8,0,2.9,0.4,0.8,0.5,0,0,0,0.4,0.8,0.5,0.5,0.6,0.8,0.833,0.3,0.5,0.8,0,0,0,0.1,0.5,1.4
PG,31,ORL,33,2,19.9,1.4,4.2,0.343,0.4,1.5,0.292,1,2.7,0.371,0.394,1,1.2,0.872,0.3,1.7,2,2.7,0.6,0.2,0.8,1.5,4.3
PG,28,SAC,74,15,30,5.1,10.5,0.486,1.2,2.9,0.401,3.9,7.6,0.519,0.542,2.6,3.1,0.858,0.4,1.9,2.3,4.3,1,0.1,1.8,1.9,14
C,22,DEN,18,0,8.7,1.7,3.1,0.545,0,0,0,1.7,3.1,0.545,0.545,0.9,1.5,0.593,1.4,1.4,2.8,0.6,0.4,0.7,0.8,2.2,4.2
SG,21,MIN,16,7,21.2,3.2,6.9,0.459,0.5,1.9,0.258,2.7,5,0.538,0.495,1.3,2.1,0.606,1.6,3.4,5,0.9,0.7,0.4,1.3,2.4,8.1
SF,30,HOU,81,81,35.3,4.4,10.6,0.416,2.3,6.2,0.371,2.1,4.4,0.478,0.523,1.6,2,0.783,0.8,3.7,4.5,2.3,2,0.3,1.4,2.2,12.7
SG,34,MIA,74,73,30.5,7.3,16,0.456,0.1,0.6,0.159,7.2,15.4,0.468,0.459,4.4,5.5,0.793,1.1,3,4.1,4.6,1.1,0.6,2.7,1.6,19
PG,27,OKC,80,80,34.4,8.2,18.1,0.454,1.3,4.3,0.296,6.9,13.8,0.503,0.489,5.8,7.2,0.812,1.8,6,7.8,10.4,2,0.3,4.3,2.5,23.5
PG,31,NOP,2,1,11.5,0,0.5,0,0,0.5,0,0,0,0,0,0,0,0,0,0,0,2,0.5,0,0,2.5,0
C,25,PHO,11,0,7.1,0.4,0.9,0.4,0,0.1,0,0.4,0.8,0.444,0.4,0.5,0.8,0.556,0.6,0.8,1.5,0,0.1,0.5,0.5,1.6,1.2
C,31,LAC,29,29,24.2,4.8,9.2,0.515,1,2.7,0.377,3.8,6.6,0.571,0.569,1.2,1.5,0.818,1.9,4.8,6.7,1.7,0.2,1.2,1.3,1.9,11.8
PF,20,ORL,78,37,23.9,3.5,7.4,0.473,0.5,1.8,0.296,3,5.6,0.531,0.509,1.7,2.5,0.668,2,4.5,6.5,1.6,0.8,0.7,0.8,2,9.2
PF,25,MEM,78,15,18.5,2.9,6.3,0.465,0.2,0.6,0.333,2.8,5.8,0.478,0.48,1.3,1.8,0.752,1.8,3,4.8,0.9,0.6,0.4,1.1,2.4,7.4
SF,28,ORL,15,15,28.7,5.8,12.9,0.451,2.3,6.2,0.366,3.5,6.7,0.53,0.539,4,5,0.8,0.3,2.3,2.5,3.6,1,0.4,2.1,2.3,17.9
SF,20,ORL,79,9,17.9,2.3,5.3,0.433,0.8,2.4,0.349,1.4,2.9,0.504,0.513,0.6,0.7,0.907,0.4,1.9,2.2,1.4,0.5,0.2,1.2,1.6,6.1
C,23,CHO,73,60,24.3,3.2,6,0.529,0,0.1,0.1,3.2,5.8,0.539,0.53,2.4,3.2,0.754,1.9,4.3,6.2,1,0.8,0.9,0.9,2.8,8.7
SG,27,GSW,16,10,21.8,2.6,4.7,0.56,0.7,1.6,0.423,1.9,3.1,0.633,0.633,0.6,0.9,0.714,0.8,4,4.8,2.3,0.6,0.7,1.1,2.3,6.6
SF,30,DEN,25,21,29.8,4.4,10,0.436,1.6,4,0.404,2.8,6,0.457,0.516,1.3,1.8,0.75,0.5,3.2,3.7,3.2,0.8,0.4,1.5,1.8,11.6
SG,24,CHO,43,0,11.1,2.1,4.3,0.476,1.4,2.8,0.484,0.7,1.5,0.462,0.634,0.1,0.2,0.556,0.2,1.2,1.3,0.5,0.3,0.1,0.6,0.9,5.6
SF,24,CHI,81,4,23,3.6,8,0.452,1.4,3.2,0.425,2.2,4.8,0.47,0.537,0.9,1,0.857,0.5,2,2.4,0.7,0.2,0.1,0.7,1.6,9.4
PF,22,PHI,51,1,13.8,2.2,4.4,0.514,0.2,0.9,0.182,2.1,3.5,0.596,0.532,1,1.5,0.689,1.2,1.4,2.6,0.6,0.4,0.8,0.6,1.8,5.6
PG,32,PHO,62,18,19.5,1.9,4.9,0.384,1.1,3.2,0.347,0.8,1.7,0.453,0.497,0.5,0.7,0.756,0.4,1.2,1.6,2.4,1.2,0.2,1.1,2.6,5.3
SF,26,BRK,79,39,26.8,4.1,9.5,0.433,1.6,4.3,0.382,2.5,5.2,0.474,0.519,1.4,1.7,0.833,0.5,2.8,3.2,1.3,0.4,0.1,1.5,1.5,11.2
PF,20,DEN,15,0,7.5,1.1,2.1,0.5,0.7,1.3,0.5,0.4,0.8,0.5,0.656,0.1,0.3,0.5,0.3,0.5,0.9,0,0.1,0.1,0,0.5,2.9
SG,30,NYK,71,57,33.4,5,11.3,0.443,1.3,3.4,0.382,3.7,7.9,0.469,0.5,1.5,1.8,0.84,0.3,3.4,3.7,2,0.4,0.1,1.2,2,12.8
PG,24,MIN,17,0,18.2,2.2,5.5,0.394,0.5,1.4,0.375,1.6,4.1,0.4,0.441,0.4,0.5,0.778,0.5,1.7,2.2,4.6,1,0.2,1.2,0.8,5.3
C,22,NYK,27,27,28.8,3.8,5.8,0.66,0,0,0,3.8,5.8,0.66,0.66,0.8,1.7,0.478,3.6,4.8,8.4,0.5,1.2,1.5,0.8,2.9,8.4
PG,21,NYK,26,0,19.4,3.9,9.8,0.395,1.7,4.6,0.367,2.2,5.2,0.419,0.48,2.9,3.1,0.95,0.4,2,2.3,2.7,0.4,0.3,0.9,2.1,12.4
C,25,MIL,79,67,29.3,6.2,11.9,0.522,0,0,0,6.2,11.9,0.522,0.522,2.9,3.9,0.74,2.8,6.1,8.8,2.3,0.9,0.8,1.6,2.1,15.3
PG,32,SAS,27,0,25.4,4.7,10.5,0.449,2.6,6.5,0.4,2.1,4,0.528,0.572,1.2,1.3,0.943,0.3,1.6,1.9,2.7,0.7,0,1,1.4,13.2
PF,25,HOU,6,0,6,1.3,2.8,0.471,0,0.8,0,1.3,2,0.667,0.471,0.2,0.3,0.5,0.5,1.8,2.3,0.2,0,0.3,0.7,1,2.8
SF,23,GSW,66,59,30.9,4.5,9.6,0.466,1.2,3.2,0.383,3.2,6.3,0.508,0.531,1.5,2,0.761,1.2,3.8,4.9,1.8,0.6,0.2,0.9,2.1,11.7
SF,24,TOR,73,7,23.9,3.7,8.6,0.431,1.8,4.6,0.386,1.9,3.9,0.484,0.536,0.7,0.8,0.79,0.3,2.2,2.5,0.8,0.7,0.3,0.6,1.6,9.9
SF,21,NYK,23,0,16.2,1.9,4.9,0.389,1.1,2.9,0.379,0.8,2,0.404,0.5,0.4,0.5,0.833,0.4,1.7,2.1,0.7,0.3,0.3,0.7,1.4,5.3
PG,29,IND,74,73,34.1,4.4,10,0.441,1.7,4.2,0.408,2.7,5.7,0.466,0.528,1.5,2,0.76,0.8,3.2,4,3.5,1.1,0.2,1.4,2,12.1
PF,20,POR,8,0,4.5,0.6,1.3,0.5,0,0,0,0.6,1.3,0.5,0.5,0,0,0,0.3,0.5,0.8,0,0.1,0.3,0.1,0.1,1.3
PG,29,DEN,25,1,14,1.5,3.8,0.396,1,2.6,0.375,0.6,1.3,0.438,0.521,0.9,1.2,0.759,0.2,0.6,0.8,1.9,0.9,0.2,0.7,1.8,4.9
SG,29,SAC,68,7,24.6,3.6,9.3,0.386,1.3,4.4,0.306,2.3,5,0.456,0.457,1.7,2,0.833,0.1,1.6,1.7,1.9,0.5,0,1.2,1.3,10.2
SG,28,IND,16,8,25.1,4.1,8.1,0.508,1.9,3.9,0.5,2.2,4.3,0.515,0.627,2.3,2.4,0.923,0.9,3.4,4.3,1.6,0.9,0.5,0.9,2.1,12.4
PG,34,MIA,17,6,26.5,5.2,11.5,0.456,1.6,4.6,0.359,3.6,6.9,0.521,0.528,2.2,2.8,0.809,0.4,2.6,3.1,5.3,0.5,0.1,3,2.6,14.4
PG,23,UTA,81,53,18.5,2.2,5.2,0.431,0.8,2,0.395,1.4,3.2,0.453,0.507,0.6,0.9,0.743,0.2,1.3,1.5,2.1,0.8,0,1.3,1.5,5.9
PG,35,DET,58,2,17,1.6,4.1,0.388,0.9,2.6,0.344,0.7,1.5,0.461,0.496,0.3,0.3,0.8,0.2,1.4,1.5,3.4,0.4,0.1,1.4,1.2,4.4
C,26,MIN,82,39,27.1,3.8,7.1,0.532,0.1,0.2,0.3,3.7,6.8,0.54,0.537,2.5,3,0.827,1.9,5.2,7.1,1.7,1.1,1.2,1.7,2.7,10.1
PG,28,TOT,62,0,19,2.4,5.6,0.423,1.1,2.7,0.405,1.3,2.9,0.44,0.52,1.7,2.1,0.805,0.1,1.4,1.5,3.2,0.6,0.1,1.4,1.4,7.5
PF,24,LAL,1,0,2,1,1,1,0,0,0,1,1,1,1,0,0,0,0,0,0,0,0,0,0,0,2
SG,26,SAS,8,4,23.6,4.3,10.8,0.395,1.9,5.5,0.341,2.4,5.3,0.452,0.483,1.4,1.9,0.733,0.1,1.6,1.8,3.9,1,1,0.9,2.3,11.8
SF,26,ORL,26,11,21,1.2,3.9,0.294,0.9,3.3,0.264,0.3,0.6,0.467,0.407,0.2,0.3,0.857,1.1,2.5,3.6,0.9,0.3,0.2,0.6,1.1,3.4
SG,30,GSW,72,25,14.7,1.5,3.6,0.427,0.9,2.2,0.414,0.6,1.4,0.447,0.552,0.3,0.4,0.643,0.3,2.2,2.5,0.8,0.3,0.3,0.5,0.8,4.2
SF,27,PHO,12,0,14.3,2.6,5.2,0.5,0.8,2.1,0.4,1.8,3.1,0.568,0.581,1.2,1.5,0.778,0,2.4,2.4,0.9,0.4,0.1,0.7,1.1,7.2
SG,26,TOR,28,28,36.4,6.9,16.6,0.417,3.3,8.7,0.377,3.6,7.9,0.462,0.516,3.3,3.6,0.892,0.7,3.5,4.2,6.6,1.7,0.7,2.1,2.3,20.4
PF,27,CHO,57,6,18.2,2.2,5.4,0.405,0.7,1.8,0.373,1.5,3.6,0.422,0.467,0.9,1.1,0.831,0.9,3.4,4.3,1.9,0.4,0.5,1,1.9,6
PF,29,BOS,26,21,22.5,2.8,5.6,0.507,0,0.1,0,2.8,5.5,0.514,0.507,1.3,2.1,0.611,2.9,5.4,8.3,0.8,0.3,0.3,0.9,2.2,7
SG,23,UTA,79,79,32.2,5.2,12.3,0.42,2,5.7,0.359,3.1,6.6,0.472,0.503,2.2,2.5,0.86,0.5,2.9,3.4,2.7,0.9,0.2,1.6,2.6,14.5
PF,24,UTA,62,59,32,6.7,13.1,0.515,0,0.1,0,6.7,13,0.518,0.515,2.9,4.1,0.709,2.7,5.4,8.1,1.5,1.2,1.5,1.7,2.4,16.4
SG,20,BOS,29,0,6.9,0.4,1.2,0.306,0.2,0.9,0.231,0.2,0.3,0.5,0.389,0,0.1,0.25,0.1,0.8,0.9,0.3,0.2,0,0.2,0.6,1
SG,31,WAS,40,2,20.2,3.8,8.1,0.465,1,2.5,0.41,2.8,5.6,0.489,0.528,1.2,1.4,0.855,0.3,1.8,2.1,1.2,0.5,0,0.7,1.4,9.8
PG,28,IND,29,29,36,8.1,18.4,0.442,2.7,6.7,0.395,5.5,11.7,0.469,0.514,2.7,2.9,0.906,0.8,4.1,4.8,6.6,1.3,0.3,2.1,1.9,21.6
C,29,MIA,27,22,26,3.6,8.5,0.424,2.1,6.1,0.343,1.5,2.3,0.635,0.548,0.6,0.8,0.714,1,4.8,5.8,2,0.8,0.7,1.3,2.6,9.9
PF,28,TOT,8,0,9.1,1.1,3.4,0.333,0,0,0,1.1,3.4,0.333,0.333,0.5,1.5,0.333,2.4,1.1,3.5,0.3,0.1,0.6,0,1.5,2.8
PG,23,UTA,64,0,21.3,4.1,9.9,0.413,1.4,4,0.344,2.7,5.9,0.46,0.483,1,1.3,0.817,0.3,1.5,1.8,2.3,0.5,0.1,1.3,1.3,10.6
SG,22,TOR,2,0,2,0,0,0,0,0,0,0,0,0,0,0,0,0,0.5,0,0.5,0,0,0,0.5,1,0
PG,21,SAS,9,0,3,0.7,1.3,0.5,0.1,0.1,1,0.6,1.2,0.455,0.542,0.6,0.6,1,0.4,0,0.4,0.1,0,0,0.2,0.2,2
PF,27,ATL,75,0,15.3,2.3,5,0.468,0.8,2.1,0.392,1.5,2.9,0.523,0.551,0.7,0.8,0.794,0.7,2,2.7,1,0.3,0.2,0.6,1.4,6.2
PF,34,MEM,68,53,29.6,6.3,13.3,0.475,0.1,0.4,0.231,6.3,13,0.482,0.479,2.5,3.2,0.796,2.6,5.1,7.8,2.1,0.6,0.2,1.5,2.1,15.3
SG,29,ATL,15,0,12.9,1.1,2.7,0.4,0.9,1.9,0.483,0.1,0.7,0.182,0.575,0,0,0,0.4,1.2,1.6,0.9,0.1,0.1,0.4,0.9,3.1
PF,31,DET,20,20,31.3,4.1,11.1,0.365,2,6.2,0.315,2.1,4.9,0.429,0.453,2.2,3.1,0.71,0.4,4.9,5.2,3.9,0.7,0.1,1.6,2.1,12.3
PG,21,MEM,16,16,30.3,6.8,14.9,0.458,0.8,3.3,0.25,6,11.6,0.516,0.485,4.3,5.4,0.802,0.8,2.3,3.1,8.3,0.9,0.3,3.2,1.4,18.8
PG,21,MIL,46,7,14.2,1.8,4.1,0.449,0.3,0.8,0.333,1.5,3.2,0.48,0.484,0.5,0.7,0.735,0.3,1.3,1.6,2.1,0.5,0,1,1.4,4.5
PF,25,PHO,8,0,6.3,1.1,2.8,0.409,0,0.1,0,1.1,2.6,0.429,0.409,0.5,0.8,0.667,0.8,1.3,2,0,0,0.1,0,1,2.8
PF,26,TOR,25,25,35.8,7.6,16.8,0.455,1.2,4.2,0.298,6.4,12.6,0.506,0.492,4.1,5.1,0.797,2.2,5.6,7.8,4.5,1.2,0.6,2.2,3.1,20.6
PF,23,BOS,81,73,23.6,4.3,10,0.435,0.4,1.3,0.282,4,8.7,0.458,0.453,1.3,2,0.64,2.4,5.9,8.3,2.3,0.9,0.6,1.3,2.6,10.3
SG,26,NOP,25,25,30.6,5.4,12.6,0.433,1.3,3.4,0.388,4.1,9.2,0.45,0.486,3,3.7,0.796,0.8,4.4,5.2,6.6,1.3,0.3,2.9,2.6,15.2
SF,23,CHO,10,0,10.8,1.6,3.3,0.485,0.2,0.9,0.222,1.4,2.4,0.583,0.515,0.7,1.1,0.636,0.4,1.7,2.1,0.6,0.2,0,0.9,1.5,4.1
PF,26,TOT,27,10,21.9,2.8,7.2,0.392,1.4,3.5,0.4,1.4,3.7,0.384,0.49,1.7,2,0.849,0.4,3.2,3.6,1.7,0.7,0.7,1.1,1.9,8.7
SF,20,SAS,26,1,17.3,1.9,4.8,0.397,1,2.4,0.397,1,2.4,0.397,0.496,0.7,0.8,0.857,0.6,2.6,3.2,1.1,1.1,0.3,0.5,1.2,5.5
PF,25,ORL,19,19,29.1,4.8,11.2,0.427,1.6,4.4,0.369,3.2,6.8,0.465,0.5,2.6,4.2,0.613,1.7,5.5,7.2,4.2,0.7,0.8,2.8,2,13.8
C,30,HOU,71,71,32.1,5.2,8.5,0.62,0,0.1,0,5.2,8.4,0.626,0.62,3.3,6.7,0.489,3.4,8.4,11.8,1.4,1,1.6,2.3,3.1,13.7
SG,26,CLE,24,6,20.4,3,7.2,0.41,1.1,3.8,0.283,1.9,3.4,0.556,0.486,0.8,1.1,0.692,0.2,1.7,1.8,2.2,0.5,0.1,0.8,0.9,7.8
PF,23,ATL,9,0,6,1,2.4,0.409,0.3,1,0.333,0.7,1.4,0.462,0.477,0.8,0.9,0.875,0.9,0.7,1.6,0.1,0.2,0.3,0.4,0.8,3.1
PG,32,BRK,32,32,32.1,4.4,11.2,0.391,1,3.2,0.304,3.4,8,0.426,0.434,3.1,3.5,0.893,0.3,4,4.3,7.4,1.1,0.2,2.9,2.4,12.8
PG,24,MIL,6,0,2.8,0.2,1.3,0.125,0,0.3,0,0.2,1,0.167,0.125,0,0,0,0,0.5,0.5,0.3,0,0,0,0.2,0.3
SG,28,ATL,9,2,23.7,3.3,8.7,0.385,2.3,6.4,0.362,1,2.2,0.45,0.519,0.9,1,0.889,0.2,3.6,3.8,2.1,0.4,0.1,1.2,2,9.9
C,26,NYK,48,0,11,1.8,4.3,0.41,0,0,0,1.8,4.2,0.414,0.41,0.4,0.5,0.826,0.6,2,2.6,1,0.2,0.8,0.9,1.4,3.9
SG,29,ORL,10,5,24.6,2.9,8.2,0.354,0.2,1.7,0.118,2.7,6.5,0.415,0.366,1.7,2.3,0.739,1.8,2.9,4.7,3,0.5,0.4,1.6,2.7,7.7
SG,26,TOT,6,0,3,0.3,0.8,0.4,0.2,0.3,0.5,0.2,0.5,0.333,0.5,0.7,0.8,0.8,0,0,0,0.2,0.2,0,0.3,0.3,1.5
SG,33,WAS,13,0,14.8,1.6,4.5,0.356,0.9,2.8,0.324,0.7,1.7,0.409,0.458,0.8,1.2,0.733,0.1,2,2.1,1.1,0.3,0.1,0.2,1.9,5
SG,23,SAC,3,1,13.7,1,4,0.25,0,2,0,1,2,0.5,0.25,0,0,0,0.7,1.3,2,0.7,1,0.7,0.7,1,2
SG,21,DAL,6,0,3.2,0.5,2.2,0.231,0.2,0.8,0.2,0.3,1.3,0.25,0.269,0.2,0.3,0.5,0,0,0,0,0.2,0.2,0.3,0.2,1.3
C,28,CHO,15,12,24.1,4.2,8,0.525,0.2,1.1,0.188,4,6.9,0.577,0.538,1.5,1.9,0.759,2.6,5.4,8,2.5,0.7,0.6,0.9,2.5,10.1
C,26,ORL,58,20,12.2,1.7,3.1,0.559,0,0,0,1.7,3.1,0.559,0.559,1,1.3,0.75,1.2,2.8,3.9,0.2,0.4,0.8,0.6,1.9,4.4
PG,25,BRK,12,0,9.3,1,3.4,0.293,0.4,1.5,0.278,0.6,1.9,0.304,0.354,0.8,0.9,0.818,0.3,0.7,0.9,2.3,0.3,0.3,0.7,0.7,3.2
PG,33,TOT,44,5,16.1,2,4.5,0.434,0.3,1,0.341,1.6,3.5,0.461,0.472,0.4,0.5,0.9,0.2,1.5,1.6,2.6,0.3,0,1.2,1.2,4.7
PG,33,CLE,41,14,18.2,3.2,7.4,0.437,0.9,2.5,0.353,2.3,4.9,0.48,0.497,0.9,1,0.905,0.1,1.6,1.8,2.4,0.3,0.1,1.4,1.5,8.2
PG,23,TOT,7,0,12.1,1.6,4.7,0.333,0.3,1.7,0.167,1.3,3,0.429,0.364,1.1,1.4,0.8,0.3,0.9,1.1,1.6,0.4,0.1,0.7,0.7,4.6
PF,25,BRK,3,0,2.7,0,0.7,0,0,0.3,0,0,0.3,0,0,0,0,0,0,0.3,0.3,0.3,0,0,0.7,0.7,0
SF,23,MIN,82,0,20.5,3.9,8.3,0.465,0.5,1.9,0.289,3.3,6.5,0.516,0.498,2.3,3,0.764,1.2,2,3.3,0.6,0.3,0.1,0.9,1.1,10.5
SG,28,MIL,25,0,19,2.2,5.1,0.438,1.3,3.4,0.384,0.9,1.7,0.548,0.566,0.2,0.3,0.625,0.9,2.9,3.8,1.4,0.7,0.5,0.3,1.3,6
SG,23,BOS,22,1,21.5,3,6.3,0.475,1.5,3.5,0.41,1.5,2.8,0.557,0.59,0.5,0.6,0.923,0.5,2,2.5,2.4,0.6,0.2,1.3,2,8
PF,28,TOT,74,56,25.4,3.8,8.9,0.424,1.3,3.5,0.371,2.5,5.4,0.458,0.496,1.5,2.1,0.721,1.9,3.5,5.4,0.9,0.7,0.4,1,2.3,10.4
SG,24,MIL,9,0,6.1,0.4,1.1,0.4,0.4,0.9,0.5,0,0.2,0,0.6,0.2,0.2,1,0.3,0.8,1.1,1.1,0.1,0,0.3,0.3,1.6
SG,23,LAC,19,0,8.1,1.1,2.1,0.525,0.6,1.1,0.524,0.5,1,0.526,0.663,0.2,0.5,0.333,0.2,0.6,0.8,0.4,0.2,0,0.4,0.6,2.9
PG,22,UTA,4,0,3.3,0,0.5,0,0,0.5,0,0,0,0,0,0.5,0.5,1,0,0.3,0.3,0.3,0.5,0,0,0.5,0.5
SG,23,PHI,18,1,19.5,2.7,7.2,0.377,1.3,4.2,0.32,1.4,3.1,0.455,0.469,0.8,0.9,0.875,0.2,2.3,2.6,0.8,0.7,0.1,0.9,1.1,7.6
C,29,TOT,47,7,10,1.1,2.3,0.481,0.1,0.3,0.333,1,2,0.505,0.505,0.8,1.1,0.704,0.7,2.2,2.9,0.6,0.3,0.4,0.3,1.7,3.1
PF,31,MIL,24,1,6.5,0.7,2.1,0.333,0.4,1.5,0.278,0.3,0.6,0.467,0.431,0.3,0.3,0.857,0,0.4,0.4,0.5,0.1,0,0.3,0.7,2.1
PG,22,DET,7,0,5.6,0.6,2.3,0.25,0.4,1.4,0.3,0.1,0.9,0.167,0.344,0,0,0,0,0.7,0.7,1.1,0.1,0,0.6,0.6,1.6
PG,33,UTA,23,23,29.3,5.7,12.7,0.45,2.8,6.8,0.41,2.9,5.9,0.496,0.56,2.3,2.8,0.815,1,2.7,3.7,5.8,1.4,0.1,2,1.8,16.5
PF,24,PHO,27,9,25.4,3.8,8.6,0.438,2.2,5.9,0.369,1.6,2.7,0.589,0.564,1,1.1,0.871,0.6,3,3.6,1.5,0.6,0.3,0.8,1.3,10.7
PF,25,HOU,37,22,14.8,2.4,5.5,0.439,0.4,1.5,0.281,2,4,0.5,0.478,0.9,1.4,0.642,1,1.9,2.9,1.1,0.5,0.1,1.2,1.9,6.2
PG,26,TOT,48,7,18.1,2.3,6.3,0.368,1.1,3.2,0.329,1.3,3.1,0.409,0.452,1.2,1.6,0.731,0.3,1.7,2,3.5,0.6,0.1,1.2,1.2,6.9
PG,29,IND,58,1,22,3.2,7.6,0.413,0.3,1.4,0.241,2.8,6.2,0.453,0.436,2.3,2.7,0.829,0.3,2.4,2.7,2.4,0.7,0.1,1.3,1.3,8.9
PG,25,NOP,65,23,28.2,6.3,14.4,0.439,1.3,4,0.336,5,10.4,0.478,0.485,2.8,3.3,0.843,0.4,2.6,3,6,1.4,0.3,2.6,2.3,16.8
PG,25,CLE,76,14,24.6,2.7,6.7,0.405,1.3,3.1,0.41,1.4,3.6,0.401,0.501,0.8,0.9,0.864,0.4,1.7,2.1,4.4,0.6,0.1,1.5,2.3,7.5
C,33,PHO,66,60,24.5,2.8,4.8,0.583,0,0,0,2.8,4.7,0.585,0.583,1.6,2.6,0.62,2.7,6.1,8.7,1,0.5,0.7,1.4,2.2,7.2
SG,29,NYK,18,3,25.5,3.6,9,0.395,2,4.9,0.409,1.6,4.1,0.378,0.506,1.9,2.4,0.814,0.5,4.1,4.6,2.1,0.8,0.3,1.1,1.7,11.1
C,30,CHI,29,2,21.9,1.8,4.6,0.383,0,0,0,1.8,4.6,0.386,0.383,0.8,1.6,0.489,3,5.8,8.8,3.8,0.6,1,1.8,2.7,4.3
PF,20,NOP,27,27,32.6,9.6,15.6,0.618,0.2,0.6,0.375,9.4,15,0.627,0.625,5.6,7.7,0.718,2.4,4.4,6.8,3.1,1,0.7,2.3,2.6,25
SG,26,TOT,7,1,14.4,1.3,4.9,0.265,0.3,1.4,0.2,1,3.4,0.292,0.294,0.9,1.1,0.75,0.6,1.6,2.1,0.3,0.4,0.4,0.6,1.3,3.7
SG,19,PHO,76,51,27.7,4.8,11.4,0.423,1.3,3.8,0.343,3.5,7.6,0.464,0.48,2.8,3.4,0.84,0.4,2.1,2.5,2.6,0.6,0.3,2.1,3,13.8
SF,20,MIN,81,81,35.1,7.3,16,0.459,0.7,2.3,0.3,6.6,13.6,0.486,0.481,5.3,7,0.761,1.3,2.3,3.6,2,1,0.6,2.2,2,20.7
C,31,WAS,75,74,30.1,5.8,10.2,0.567,0,0,0,5.8,10.2,0.567,0.567,1.9,2.8,0.705,3,6.9,9.9,1.4,0.6,1.3,1.6,2.6,13.5
SF,20,WAS,63,9,10.7,1.4,3.3,0.427,0.4,1.3,0.316,1,2.1,0.492,0.486,0.5,0.8,0.633,0.4,1.7,2.1,0.2,0.3,0.1,0.5,1.6,3.7
SG,26,NOP,10,1,5.1,0.5,1.2,0.417,0.3,0.6,0.5,0.2,0.6,0.333,0.542,0,0.2,0,0.1,0.2,0.3,0.2,0.4,0,0.1,0.3,1.3
PG,34,TOR,25,25,34.4,6,13.2,0.452,2.8,7.1,0.388,3.2,6.1,0.526,0.556,3,3.5,0.874,0.8,4.6,5.4,6.4,1.2,0.2,2.9,3.2,17.7
SG,27,LAL,29,29,31.1,5.1,11.5,0.441,1,3.1,0.311,4.1,8.4,0.49,0.483,3.1,3.8,0.82,0.6,3,3.6,4.3,0.9,0.2,2.2,2.7,14.2
PG,33,MIL,27,0,17.8,1.7,5.1,0.336,1.2,3.3,0.364,0.5,1.8,0.286,0.453,1.3,1.4,0.895,0.4,0.8,1.2,3,0.5,0,0.8,0.7,5.9
SF,24,SAC,1,0,24,2,10,0.2,2,5,0.4,0,5,0,0.3,0,0,0,2,2,4,1,1,0,0,2,6
C,23,ATL,11,0,6.6,1,1.7,0.579,0,0,0,1,1.7,0.579,0.579,0.3,0.7,0.375,0.6,1.3,1.9,0.3,0.1,0.5,0.5,0.7,2.3
SF,22,IND,45,4,11.3,1.4,3.4,0.43,0.3,0.8,0.378,1.1,2.5,0.447,0.477,0.6,0.9,0.692,0.3,1.2,1.5,0.6,0.4,0.2,0.4,0.5,3.8
PF,24,CLE,23,0,8.3,0.7,2.1,0.347,0.5,1.4,0.333,0.3,0.7,0.375,0.459,0.2,0.2,0.8,0.3,0.9,1.3,0.4,0.2,0.1,0.4,0.7,2.1
C,27,TOT,20,6,14.6,2.4,3.8,0.627,0.3,1,0.316,2.1,2.8,0.732,0.667,1,1.7,0.588,0.8,2.8,3.5,1.1,0.4,1.1,1.2,1.9,6
PG,24,NYK,82,7,24.8,2.8,7.2,0.393,0.9,2.7,0.344,1.9,4.4,0.423,0.458,1,1.4,0.754,0.5,3,3.5,2.5,0.9,0.3,0.7,2.2,7.6
PF,30,PHO,24,16,27.9,3.4,8.9,0.379,2.4,6.9,0.345,1,2,0.49,0.512,1.2,1.4,0.848,0.4,4.8,5.2,2.2,0.9,0.2,0.8,2,10.3
SG,24,PHO,23,23,35.2,9,18.2,0.492,2,5.8,0.353,6.9,12.4,0.556,0.548,4.4,5.3,0.829,0.2,3.5,3.7,4.4,0.9,0.3,3.5,3.3,24.4
PF,27,NOP,66,7,30.4,6,14.1,0.427,2,5.4,0.366,4,8.7,0.466,0.498,3,3.5,0.873,2,4,6,1.1,0.6,0.4,1.4,1.7,17
SG,23,UTA,23,0,8,0.4,1.3,0.323,0.4,1.1,0.346,0,0.2,0.2,0.468,0.2,0.3,0.833,0.5,1.3,1.8,0.3,0.1,0.2,0.3,1.1,1.5
SF,29,SAC,70,70,34,6.7,14.4,0.463,1.1,3.1,0.344,5.6,11.3,0.495,0.5,2.8,3.6,0.78,1.5,5,6.5,1.7,1.4,0.7,2,2.6,17.2
PF,22,BRK,5,0,3.2,0.2,0.6,0.333,0.2,0.4,0.5,0,0.2,0,0.5,0,0,0,0,0.6,0.6,0.4,0,0,0,0.2,0.6
C,33,POR,16,2,7,1.3,2.7,0.465,0.1,0.3,0.25,1.2,2.4,0.487,0.477,0.2,0.2,1,0.4,1.1,1.5,0.7,0.1,0.1,0.5,0.9,2.8
C,31,GSW,70,66,20.7,2.5,4,0.627,0,0,1,2.5,4,0.626,0.629,0.3,0.7,0.48,1.7,5.3,7,2.3,0.5,1.6,1.2,3.2,5.4
SG,32,HOU,22,10,29.4,6.2,13.5,0.463,2.7,7.8,0.351,3.5,5.7,0.616,0.564,3.5,4.2,0.848,0.3,1.9,2.2,2.7,0.5,0.5,1.9,1.5,18.7
SF,22,CHO,7,7,29.3,4.7,8.7,0.541,0.4,1,0.429,4.3,7.7,0.556,0.566,2.9,4.1,0.69,1.7,4.7,6.4,1.3,0.4,0.4,1.1,1.3,12.7
SG,22,PHI,73,35,24.8,2.9,7.5,0.385,1.5,4.5,0.326,1.4,3,0.473,0.483,1.2,1.6,0.771,0.3,2.2,2.5,1.9,0.6,0.3,1.3,1.6,8.5
PG,27,ORL,1,0,19,1,4,0.25,0,2,0,1,2,0.5,0.25,0,0,0,0,2,2,5,0,0,1,4,2
SF,30,PHO,82,80,31,2.9,7.1,0.411,0.8,2.5,0.33,2.1,4.6,0.455,0.469,1.3,1.7,0.746,2,4.2,6.2,2.2,1.3,0.2,1.4,2.5,8
SG,22,CHI,7,0,6,0.7,2,0.357,0.1,1.1,0.125,0.6,0.9,0.667,0.393,0,0,0,0.1,0.4,0.6,0.6,0.3,0.1,0.3,0.7,1.6
SG,22,DET,76,76,36.7,5.3,12.6,0.42,1.5,4.9,0.309,3.8,7.8,0.489,0.479,2.4,3,0.811,0.9,2.8,3.7,1.8,1.4,0.2,1.4,2.2,14.5
C,37,TOT,27,15,14.9,1.4,2.7,0.528,0.1,0.5,0.286,1.3,2.1,0.586,0.556,0.9,1.3,0.694,1.3,2.3,3.6,0.4,0.6,0.5,0.3,1.1,3.9
SG,28,DAL,27,17,30.6,5.9,13.3,0.439,3.1,7.8,0.393,2.8,5.5,0.503,0.554,1.9,2.4,0.785,0.2,3,3.2,1.6,0.7,0.1,0.9,1.6,16.7
SF,25,IND,81,81,34.8,7.5,17.9,0.418,2.6,7,0.371,4.9,10.9,0.447,0.49,5.6,6.5,0.86,1,6,7,4.1,1.9,0.4,3.3,2.8,23.1
PG,28,DAL,27,0,17.3,2.9,6.6,0.444,1.3,3.4,0.396,1.6,3.2,0.494,0.545,0.9,1,0.852,0.1,1,1.1,1.6,0.8,0.1,0.6,1.5,8
C,25,DEN,28,28,35.9,10.5,18.4,0.57,1.5,3.8,0.402,9,14.6,0.614,0.611,4.8,5.5,0.871,3,8.2,11.1,8.6,1.6,0.6,3.4,3.1,27.4
SG,24,OKC,70,70,22.2,1.9,3.9,0.496,0.5,1.5,0.311,1.5,2.4,0.608,0.555,0.5,0.8,0.611,1.1,2.5,3.6,0.7,0.8,0.6,0.5,1.9,4.8
C,22,PHO,78,46,23.3,3.4,8,0.423,0,0.1,0.143,3.4,7.9,0.426,0.424,2.2,3.1,0.728,2.3,5.3,7.6,1.2,0.5,0.8,1.9,2.9,9
SG,24,SAS,5,0,4.8,0.2,1,0.2,0,0.2,0,0.2,0.8,0.25,0.2,0.4,0.4,1,0,0.4,0.4,0.6,0.2,0,1.2,1.4,0.8
SF,25,BRK,30,5,19.7,2.6,6.4,0.404,1.5,4.1,0.366,1.1,2.3,0.471,0.521,0.6,0.8,0.75,0.6,1.8,2.4,1.3,0.6,0.2,0.7,1.6,7.3
PG,31,GSW,29,0,16,1.3,4,0.336,0.3,1.6,0.222,1,2.4,0.408,0.379,1.3,1.5,0.884,0.2,1.6,1.8,2.7,0.8,0.1,0.8,1.4,4.3
C,38,OKC,5,0,3.8,0.6,1,0.6,0,0,0,0.6,1,0.6,0.6,0.4,0.4,1,0.2,0.6,0.8,0,0,0,0.6,0.8,1.6
SF,22,POR,78,14,18.7,2.5,5.3,0.474,0.5,1.8,0.279,2,3.5,0.576,0.522,0.9,1.4,0.622,1.3,2.3,3.6,0.9,0.6,0.4,0.8,1.6,6.4
C,22,CLE,16,5,25.9,4.9,7.8,0.624,0.1,0.3,0.25,4.8,7.6,0.636,0.628,3.4,4.4,0.761,2.8,5.2,7.9,1.6,0.4,1.7,1.3,1.4,13.2
PG,32,NYK,5,0,20.6,4.2,10,0.42,0.6,1.8,0.333,3.6,8.2,0.439,0.45,2.2,2.6,0.846,0.2,2.6,2.8,3.4,1,0.6,1.6,0.8,11.2
PG,28,TOT,66,13,21.4,2.1,5.4,0.393,0.5,1.6,0.333,1.6,3.7,0.419,0.444,0.9,1.3,0.686,0.4,1.4,1.8,3.6,0.8,0.1,1.4,1.3,5.7
C,22,CLE,6,0,4.8,0.2,0.5,0.333,0,0,0,0.2,0.5,0.333,0.333,0.8,1.3,0.625,0.5,0.5,1,0,0.3,0.3,0.3,0,1.2
PF,30,CHO,44,0,7.8,0.7,1.6,0.451,0,0.1,0.667,0.7,1.5,0.441,0.465,0.9,1.5,0.585,0.9,1.1,2,0.2,0.3,0.2,0.3,1.3,2.4
PG,24,SAS,27,27,30.4,6.2,13.9,0.447,1,3.3,0.315,5.1,10.6,0.488,0.484,1.7,2.1,0.81,0.6,6.6,7.2,5,1.6,0.1,1.7,2.1,15.1
PF,35,DEN,26,26,23.9,3.8,7.3,0.524,1.2,3,0.41,2.6,4.3,0.604,0.608,1.6,2.3,0.695,1.6,3.6,5.2,1.7,0.8,0.5,1,2.1,10.4
C,32,WAS,26,9,19.4,3.1,5.3,0.591,0.2,0.5,0.333,3,4.8,0.616,0.606,1.6,2.3,0.672,2.2,2,4.2,1,0.2,0.5,1,1.9,8
SF,27,CHI,16,6,23.3,4,9,0.444,1.8,4.4,0.4,2.3,4.6,0.486,0.542,1.9,2.3,0.833,1.3,5,6.3,2,0.6,0.2,0.9,1.6,11.6
SG,23,ORL,28,0,8.9,0.8,2.5,0.296,0.3,1.1,0.25,0.5,1.4,0.333,0.352,0.4,0.9,0.417,0.2,1.1,1.4,0.4,0.5,0,0.3,0.9,2.1
PG,23,SAC,10,0,7.9,0.9,3.2,0.281,0.4,1.6,0.25,0.5,1.6,0.313,0.344,0.7,0.8,0.875,0.3,0.9,1.2,1.3,0.4,0,0.1,0.5,2.9
PG,28,MEM,56,56,31.4,5.3,12.4,0.422,1.4,3.8,0.363,3.9,8.6,0.449,0.478,3.4,4.1,0.834,0.5,2.5,2.9,6.1,1.2,0.3,1.5,1.8,15.3
C,23,LAC,30,1,19.5,3.2,4.7,0.669,0,0,0,3.2,4.7,0.674,0.669,2,2.4,0.845,2.3,4.4,6.6,1.1,0.4,0.8,1,2.6,8.3
PG,24,PHI,25,25,33.4,5.8,10.4,0.562,0,0.2,0.167,5.8,10.2,0.571,0.563,3.5,5.3,0.667,1.6,6.7,8.3,8,1.7,0.8,3.4,3.2,15.2
SF,35,MIN,77,44,19,1.3,3,0.445,0.1,0.3,0.174,1.3,2.7,0.476,0.454,0.2,0.2,0.684,0.4,1.5,1.9,0.9,0.5,0.2,0.4,0.8,2.9
SF,27,DEN,53,53,34.7,5.4,13.2,0.41,1.6,4.5,0.364,3.8,8.7,0.434,0.472,7.1,8.2,0.868,1,4.3,5.3,2.5,0.8,0.4,1.5,1.6,19.5
PG,24,TOT,22,1,8.9,1.5,3.5,0.436,0.5,1,0.455,1.1,2.5,0.429,0.5,1,1.3,0.75,0.2,0.7,0.9,1.1,0.1,0,0.7,0.8,4.5
SG,29,DAL,78,78,33.9,4.2,10.9,0.388,2.4,6.7,0.36,1.8,4.2,0.432,0.498,1.6,1.9,0.863,0.3,2.7,3.1,1.9,1,0.2,1,2.3,12.5
SG,39,MEM,60,3,16.8,2.2,5.7,0.388,1,2.8,0.349,1.2,2.9,0.425,0.474,1.2,1.4,0.833,0.5,1.9,2.4,0.9,0.6,0.3,0.6,1.7,6.6
PG,39,TOT,39,4,11.8,1.5,2.7,0.557,0.1,0.2,0.25,1.5,2.5,0.582,0.566,0.6,0.8,0.75,0.3,1,1.3,2.2,0.4,0,0.9,1.2,3.7
PG,21,ORL,73,69,29.4,4.4,10,0.436,0.4,1.3,0.326,3.9,8.7,0.451,0.456,1.5,2.6,0.589,1.1,2.5,3.6,6.4,1.2,0.3,2.4,2.2,10.7
PF,31,DAL,62,4,10.7,2,5.3,0.382,0.8,2.8,0.273,1.3,2.5,0.503,0.454,0.4,0.4,0.917,0.4,2.1,2.5,0.4,0.3,0.2,0.5,1.1,5.1
PG,26,LAL,22,0,18.7,2,4.4,0.464,1,2.3,0.44,1,2.1,0.489,0.577,0.5,0.5,0.833,0.5,1.9,2.4,2.3,1,0.2,1.1,1.6,5.5
C,21,HOU,77,35,19.1,3,5.2,0.582,0,0,0,3,5.1,0.583,0.582,1,2.7,0.379,2.5,3.9,6.4,0.6,0.8,1.2,0.8,2.5,7
SG,21,POR,25,0,17.9,3,7.4,0.413,2.2,5.2,0.42,0.8,2.1,0.396,0.563,0.8,0.9,0.826,0.2,2.1,2.3,1.2,0.2,0.2,0.8,1.7,9
SF,26,NOP,47,13,18,2.6,6.1,0.422,0.9,2.3,0.404,1.7,3.8,0.433,0.498,0.8,1.1,0.78,0.5,2.6,3.1,1.1,0.2,0.1,0.5,1.9,7
SF,25,NOP,28,2,28,3.1,7,0.451,1.4,4.1,0.348,1.7,2.9,0.6,0.554,1.1,1.6,0.711,1,6.4,7.5,2.1,0.8,0.2,0.8,2.2,8.9
C,27,PHI,4,0,4.5,0.3,0.8,0.333,0,0,0,0.3,0.8,0.333,0.333,0.5,1,0.5,0.5,0.5,1,0.3,0,0.5,0.3,0.3,1
PF,33,DAL,23,0,18.4,2.6,5.3,0.488,0.6,2.2,0.28,2,3.2,0.63,0.545,0.6,1,0.542,0.5,2.6,3.1,1.6,0.9,0.8,1.1,2.1,6.4
PF,26,DET,5,0,7,0.8,2,0.4,0.8,1.8,0.444,0,0.2,0,0.6,0.2,0.4,0.5,0,0.2,0.2,0,0.2,0,0.4,0.6,2.6
PG,30,LAC,74,74,32.7,7,15.1,0.462,1.6,4.4,0.371,5.3,10.6,0.501,0.517,4,4.4,0.896,0.5,3.7,4.2,10,2.1,0.2,2.6,2.5,19.5
SF,32,LAC,27,27,29.9,3.3,6.8,0.492,2.1,4.6,0.456,1.2,2.1,0.569,0.648,1,1.1,0.867,0.9,4,4.9,2.3,1.4,0.4,0.7,1.7,9.7
PF,20,CHI,62,4,17.8,3,7,0.427,0.3,0.8,0.308,2.7,6.2,0.443,0.445,0.8,1.1,0.727,2,3.5,5.4,0.8,0.4,0.4,0.9,1.6,7
SF,31,UTA,29,29,30.7,5,12.1,0.416,2.6,6.6,0.387,2.5,5.5,0.45,0.521,2.6,3,0.864,0.5,3.5,4,2.1,0.4,0,1.5,1.5,15.2
C,19,CHO,3,0,2,0.3,1,0.333,0,0.3,0,0.3,0.7,0.5,0.333,0.3,0.7,0.5,0.7,0.3,1,0.3,0,0.3,0,0,1
PG,26,NYK,30,30,27.7,5.2,11.8,0.441,0.5,1.9,0.25,4.7,9.9,0.477,0.46,1.4,1.9,0.719,1.3,2.6,3.8,3.6,0.6,0.2,1.9,2,12.2
SF,23,NOP,3,0,2.7,0,0.7,0,0,0.3,0,0,0.3,0,0,0.3,0.7,0.5,0,0.7,0.7,0.3,0,0,0,0,0.3
SG,31,BRK,16,16,38.3,7.7,15.3,0.502,3,7.4,0.407,4.7,7.9,0.591,0.6,5.9,6.6,0.905,0.8,7.6,8.4,11.8,1.1,0.8,4.3,2.6,24.3
PF,28,WAS,10,1,6.5,0.3,1,0.3,0.1,0.7,0.143,0.2,0.3,0.667,0.35,0.3,0.4,0.75,0.3,1.6,1.9,0.3,0.3,0.2,0.3,0.3,1
SG,25,BOS,76,72,33.4,6,13.4,0.447,1.9,5.4,0.361,4.1,8.1,0.505,0.52,1.3,1.6,0.78,0.6,2.3,2.9,2.1,1.5,0.3,1.4,2.2,15.2
PF,27,MEM,24,24,28.1,5,10.7,0.467,1.7,4.3,0.388,3.3,6.4,0.519,0.545,2.1,2.7,0.781,0.9,5.3,6.3,3.8,1.1,0.8,1.4,1.8,13.8
SG,23,ORL,72,52,33,5.9,13.5,0.438,1.4,3.9,0.348,4.5,9.6,0.475,0.489,2.8,3.4,0.83,0.7,4.1,4.8,3.9,1.6,0.8,2.1,2.4,16
PF,30,DEN,24,3,21.3,3.3,7.5,0.441,1.7,4,0.427,1.6,3.5,0.458,0.556,1.1,1.3,0.844,1.7,4.5,6.3,1,0.6,0.3,1.1,2.8,9.4
PF,29,LAC,75,61,17,1.3,2.8,0.454,0.2,0.5,0.325,1.1,2.2,0.485,0.486,0.4,0.8,0.526,0.8,1.5,2.3,0.4,0.6,0.3,0.5,1.3,3.1
PF,27,BRK,73,73,33,6.8,13.2,0.514,0.1,0.4,0.233,6.7,12.8,0.523,0.518,1.4,2.2,0.644,2.4,6.6,9,1.8,1.5,0.5,1.9,2.5,15.1
SG,25,IND,16,4,9.4,1.5,3,0.5,0.3,1,0.313,1.2,2,0.594,0.552,0.6,0.9,0.643,0.4,0.9,1.3,0.5,0.5,0.1,0.6,1.1,3.9
SG,28,NYK,21,2,21,2.8,6.4,0.43,1.3,3.7,0.364,1.4,2.8,0.517,0.533,0.5,0.7,0.714,0.2,2,2.2,2,0.6,0,1,1.5,7.3